region_id	region_label	prefix	maker	maker_zh	maker_ja	code_read	status	notes
japan_censored	日本有码	3DSVR	SODクリエイト		SODクリエイト	std3_dmm	active	历史扩前缀 movieCount=1876
japan_censored	日本有码	AARM	Aroma Planning / 阿洛玛企划	Aroma / 阿洛玛企划	アロマ企画	std3_dmm	active	权威站:javbus · 本地库确认
japan_censored	日本有码	ABF	PRESTIGE / 普雷斯提奇	PRESTIGE / 普雷斯提奇	プレステージ	std3_open	active	专属现行 · 权威站:javbus · 本地库确认
japan_censored	日本有码	ABP	PRESTIGE / 普雷斯提奇	PRESTIGE / 普雷斯提奇	プレステージ	std3_dmm	active	专属经典 · 本地库确认
japan_censored	日本有码	ABS	PRESTIGE / 普雷斯提奇	PRESTIGE / 普雷斯提奇	プレステージ	std3_dmm	active	更早专属 · 本地库确认
japan_censored	日本有码	ABW	PRESTIGE / 普雷斯提奇	PRESTIGE / 普雷斯提奇	プレステージ	std3_dmm	active	过渡线 · 本地库确认
japan_censored	日本有码	ACHJ	Madonna / 麦当娜	Madonna / 麦当娜	マドンナ	std3_dmm	active	痴女调教旁支 · 权威站:javbus · 本地库确认
japan_censored	日本有码	ACRN	PoRO		PoRO	std3_dmm	active	本地库高频确认(≥100帖) · 成人动画 · 用户确认
japan_censored	日本有码	ADN	Attackers / 攻击者	Attackers / 攻击者	アタッカーズ	std3_open	active	人妻禁忌剧 · 本地库确认
japan_censored	日本有码	ADZ	クリスタル映像		クリスタル映像	std3_dmm	active	本地库高频确认(≥100帖) · 旧番号 · 用户确认
japan_censored	日本有码	AED	Attackers / 攻击者		アタッカーズ	std3_dmm	active	色花堂有码列表×1 · DMM确认
japan_censored	日本有码	AGAV	SEX Agent/妄想族		SEX Agent/妄想族	std3_dmm	active	本地库高频确认(≥100帖)
japan_censored	日本有码	AJVR	アリスJAPAN		アリスJAPAN	std3_dmm	active	本地库高频确认(≥100帖)
japan_censored	日本有码	AKA	PRESTIGE / 普雷斯提奇	PRESTIGE / 普雷斯提奇	プレステージ	std3_dmm	active	出道类 · 本地库确认
japan_censored	日本有码	AKDL	AKNR / 明纪	AKNR / 明纪	ドピュCH	std3_dmm	active	AKNR系主线 · 2026/08/26 · 人工汇总2026-09-06 · JavDB/AvBase/AVWiki；avwikidb相关:アキノリ
japan_censored	日本有码	AKNR	AKNR / 明纪		アキノリ	std3_dmm	active	本地库确认
japan_censored	日本有码	ALD	桃太郎映像出版		桃太郎映像出版	std3_dmm	active	本地库高频确认(≥100帖) · ALL IN ONE合集 · 用户确认
japan_censored	日本有码	ALDN	Takara Eizou / タカラ映像	Takara Eizou	タカラ映像	std3_dmm	active	现行常见 · 权威站:javbus · 本地库确认 · 色花堂有码列表×3
japan_censored	日本有码	AMBI	プラネットプラス		プラネットプラス	std3_dmm	active	本地库高频确认(≥100帖) · 用户确认
japan_censored	日本有码	AMCP	WORLD PG		WORLD PG	std3_dmm	active	本地库高频确认(≥100帖) · 成人动画 Motion Anime · 用户确认
japan_censored	日本有码	ANB	Other Censored / 其他有码	Other Censored / 其他有码	その他有码	std3_dmm	fallback	库内有片；厂牌署名不明，归入其他有码兜底（用户确认：不删）
japan_censored	日本有码	ANND	アンナと花子		アンナと花子	std3_dmm	active	本地库高频确认(≥100帖)
japan_censored	日本有码	APAK	Other Censored / 其他有码	Other Censored / 其他有码	その他有码	std3_dmm	fallback	库内有片；厂牌署名不明，归入其他有码兜底（用户确认：不删）
japan_censored	日本有码	APNS	Aurora Project / オーロラプロジェクト	Aurora Project	オーロラプロジェクト・アネックス	std3_dmm	active	权威站:javbus · 本地库确认 · 色花堂有码列表×2
japan_censored	日本有码	AQSH	アクアモール/エマニエル		アクアモール/エマニエル	std3_dmm	active	本地库高频确认(≥100帖)
japan_censored	日本有码	ARM	Aroma Planning / 阿洛玛企划	Aroma / 阿洛玛企划	アロマ企画	std3_dmm	active	本地库确认
japan_censored	日本有码	ASW	AVS collector's		AVS collector's	std3_dmm	active	本地库高频确认(≥100帖) · 着衣フェチ · 用户确认
japan_censored	日本有码	ATFB	Fetish Box/妄想族		Fetish Box/妄想族	std3_dmm	active	本地库高频确认(≥100帖)
japan_censored	日本有码	ATID	Attackers / 攻击者	Attackers / 攻击者	アタッカーズ	std3_open	active	强剧情单片 · 本地库确认
japan_censored	日本有码	ATKD	Attackers / 攻击者	Attackers / 攻击者	アタッカーズ	std3_dmm	active	精选打包 · 本地库确认
japan_censored	日本有码	AUKG	U&K / ユーアンドケー	U&K	U＆K	std3_dmm	active	本地库确认
japan_censored	日本有码	AVOP	AVS collector / 收藏家	AVS / 收藏家	AVSコレクターズ	std3_dmm	active	本地库确认
japan_censored	日本有码	AVSA	AVS collector / 收藏家	AVS / 收藏家	AVS collector’s	std3_dmm	active	权威站:javbus · 本地库确认 · 色花堂有码列表×3
japan_censored	日本有码	BACJ	Bermuda / 百慕大		BALTAN＜バルタン＞	std3_dmm	active	色花堂有码列表×1 · DMM确认
japan_censored	日本有码	BAGR	BALTAN		バルタン	std3_dmm	active	色花堂有码列表×2 · DMM确认 · 用户确认 · 改挂 BALTAN
japan_censored	日本有码	BBAN	Bibian / 女同	Bibian / 女同	ビビアン	std3_dmm	active	女同主线 · 权威站:javbus · 本地库确认
japan_censored	日本有码	BBI	Chijo Heaven / 痴女天堂	Chijo Heaven / 痴女天堂	痴女ヘブン	std3_dmm	active	较早线 · 本地库确认
japan_censored	日本有码	BBTU	ドグマ		ドグマ	std3_dmm	active	本地库高频确认(≥100帖)
japan_censored	日本有码	BDSR	Big Morkal / ビッグモーカル	Big Morkal	いきなりエロざんまい	std3_dmm	active	本地库确认
japan_censored	日本有码	BEB	痴女ヘブン		痴女ヘブン	std3_dmm	active	本地库高频确认(≥100帖)
japan_censored	日本有码	BF	BeFree / 比弗利	BeFree / 比弗利	BeFree	std3_dmm	active	戏剧单片 · 本地库确认
japan_censored	日本有码	BGN	PRESTIGE / 普雷斯提奇	PRESTIGE / 普雷斯提奇	プレステージ	std3_dmm	active	出道类 · 本地库确认
japan_censored	日本有码	BID	Chijo Heaven / 痴女天堂	Chijo Heaven / 痴女天堂	痴女ヘブン	std3_dmm	active	较早旁支 · 本地库确认
japan_censored	日本有码	BIJN	Bijin Majo / 美人魔女	美人魔女	美人魔女/エマニエル	std3_dmm	active	本地库确认
japan_censored	日本有码	BKD	ルビー		ルビー	std3_dmm	active	本地库高频确认(≥100帖)
japan_censored	日本有码	BLK	kira☆kira / 闪闪	kira☆kira / 闪闪	kira☆kira	std3_dmm	active	辣妹黑系主线 · 本地库确认
japan_censored	日本有码	BLO	PRESTIGE / 普雷斯提奇	PRESTIGE / 普雷斯提奇	プレステージ	std3_dmm	active	人妻向 · 本地库确认
japan_censored	日本有码	BLOR	ブロッコリー/妄想族		ブロッコリー/妄想族	std3_dmm	active	本地库高频确认(≥100帖)
japan_censored	日本有码	BMW	WANZ FACTORY / 顽姿	WANZ FACTORY / 顽姿	ワンズファクトリー	std3_dmm	active	精选/打包 · 本地库确认
japan_censored	日本有码	BOBB	Boin Box / ボインボックス	BoinBB	ボインボックス	std3_dmm	active	本地库确认
japan_censored	日本有码	BONY	Bonita / ボニータ	Bonita	ボニータ	std3_dmm	active	本地库确认
japan_censored	日本有码	CADV	クリスタル映像		クリスタル映像	std3_dmm	active	本地库高频确认(≥100帖)
japan_censored	日本有码	CAWD	kawaii / 卡哇伊	kawaii / 卡哇伊	kawaii*	std3_open	active	现行主线 · 本地库确认
japan_censored	日本有码	CEAD	セレブの友		セレブの友	std3_dmm	active	本地库高频确认(≥100帖)
japan_censored	日本有码	CEMD	Celeb no Tomo / セレブの友	Celeb no Tomo	セレブの友	std3_dmm	active	权威站:javbus · 本地库确认 · 色花堂有码列表×6
japan_censored	日本有码	CESD	Celeb no Tomo / セレブの友	Celeb no Tomo	セレブの友	std3_dmm	active	本地库确认
japan_censored	日本有码	CHN	PRESTIGE / 普雷斯提奇		プレステージ	std3_dmm	active	片商表/ranges/DMM/权威站
japan_censored	日本有码	CHRV	チェリーズれぼ/妄想族		チェリーズれぼ/妄想族	std3_dmm	active	本地库高频确认(≥100帖)
japan_censored	日本有码	CJOB	Chijo Heaven / 痴女天堂	Chijo Heaven / 痴女天堂	痴女ヘブン	std3_dmm	active	集团:WILL集团（原CA/北都集团）；IPPA:010054；官网:https://bi-av.com/top；原片商美
japan_censored	日本有码	CJOD	Chijo Heaven / 痴女天堂	Chijo Heaven / 痴女天堂	痴女ヘブン	std3_dmm	active	现行主线 · 本地库确认
japan_censored	日本有码	CJVR	Chijo Heaven / 痴女天堂	Chijo Heaven / 痴女天堂	痴女ヘブン	std3_dmm	active	集团:WILL集团（原CA/北都集团）；IPPA:010054；官网:https://bi-av.com/top；原片商美
japan_censored	日本有码	CLO	ケラ工房		ケラ工房	std3_dmm	active	本地库高频确认(≥100帖)
japan_censored	日本有码	CLOT	Other Censored / 其他有码	Other Censored / 其他有码	その他有码	std3_dmm	fallback	库内有片；厂牌署名不明，归入其他有码兜底（用户确认：不删）
japan_censored	日本有码	CLUB	Hentai Shinshi Club / 变态绅士俱乐部	变态绅士俱乐部	変態紳士倶楽部	std3_dmm	active	主线 · 本地库确认
japan_censored	日本有码	CMN	Cinemagic / 电影魔术		シネマジック	std3_dmm	active	色花堂有码列表×1 · DMM确认
japan_censored	日本有码	CMV	シネマジック		シネマジック	std3_dmm	active	本地库高频确认(≥100帖)
japan_censored	日本有码	CRNX	クリスタル映像		クリスタル映像	std3_dmm	active	本地库高频确认(≥100帖)
japan_censored	日本有码	CRPD	クロス		クロス	std3_dmm	active	本地库高频确认(≥100帖)
japan_censored	日本有码	CVDX	Celeb no Tomo / セレブの友	Celeb no Tomo	セレブの友	std3_dmm	active	本地库确认
japan_censored	日本有码	CWM	Dream Ticket / ドリームチケット	Dream Ticket	ワープエンタテインメント	std3_dmm	active	本地库确认
japan_censored	日本有码	DANDY	DANDY / 丹迪	DANDY / 丹迪	DANDY	std3_dmm	active	厂牌同名主线 · 本地库确认
japan_censored	日本有码	DANDYA	DANDY		DANDY	std3_dmm	active	本地库高频确认(≥100帖)
japan_censored	日本有码	DASD	Das! / 达斯	Das! / 达斯	ダスッ！	std3_dmm	active	上一代 · 本地库确认
japan_censored	日本有码	DASS	Das! / 达斯	Das! / 达斯	ダスッ！	std3_open	active	现行主线 · 本地库确认
japan_censored	日本有码	DAVK	Other Censored / 其他有码	Other Censored / 其他有码	その他有码	std3_dmm	fallback	库内有片；厂牌署名不明，归入其他有码兜底（用户确认：不删）
japan_censored	日本有码	DAZD	Das! / 达斯	Das! / 达斯	ダスッ！	std3_dmm	active	精选 · 权威站:javbus · 本地库确认 · 色花堂有码列表×1
japan_censored	日本有码	DDB	ドグマ		ドグマ	std3_dmm	active	本地库高频确认(≥100帖)
japan_censored	日本有码	DDK	ドグマ		ドグマ	std3_dmm	active	本地库高频确认(≥100帖)
japan_censored	日本有码	DDT	ドグマ		ドグマ	std3_dmm	active	本地库高频确认(≥100帖)
japan_censored	日本有码	DEL	Other Censored / 其他有码	Other Censored / 其他有码	その他有码	std3_dmm	fallback	库内有片；厂牌署名不明，归入其他有码兜底（用户确认：不删）
japan_censored	日本有码	DGCEMD	セレブの友		セレブの友	std3_dmm	active	本地库高频确认(≥100帖)
japan_censored	日本有码	DIC	PRESTIGE / 普雷斯提奇	PRESTIGE / 普雷斯提奇	プレステージ	std3_dmm	active	本地库确认
japan_censored	日本有码	DLDSS	DAHLIA / ダリア	DAHLIA	ダリア	std3_open	active	人妻戏剧单片 · 本地库确认
japan_censored	日本有码	DMOW	ドグマ		ドグマ	std3_dmm	active	本地库高频确认(≥100帖) · 用户确认
japan_censored	日本有码	DNJR	犬/妄想族		犬/妄想族	std3_dmm	active	本地库高频确认(≥100帖)
japan_censored	日本有码	DOA	Bermuda		バミューダ	std3_dmm	active	本地库高频确认(≥100帖)
japan_censored	日本有码	DOCP	DOC		DOC	std3_dmm	active	本地库高频确认(≥100帖)
japan_censored	日本有码	DOJN	Other Censored / 其他有码	Other Censored / 其他有码	その他有码	std3_dmm	fallback	库内有片；厂牌署名不明，归入其他有码兜底（用户确认：不删）
japan_censored	日本有码	DOKS	ドグマ		ドグマ	std3_dmm	active	本地库高频确认(≥100帖) · 旧番号 · 用户确认
japan_censored	日本有码	DRPT	電脳ラスプーチン		電脳ラスプーチン	std3_dmm	active	本地库高频确认(≥100帖)
japan_censored	日本有码	DSE	ドリームチケット		ドリームチケット	std3_dmm	active	本地库高频确认(≥100帖) · 用户确认
japan_censored	日本有码	DSOD	ダスッ！		ダスッ！	std3_dmm	active	本地库高频确认(≥100帖)
japan_censored	日本有码	DSVR	SOD Create / SOD制作	SOD Create / SOD制作	SODクリエイト	std3_dmm	active	VR · 本地库确认
japan_censored	日本有码	DV	Alice Japan / 爱丽丝日本	Alice Japan / 爱丽丝日本	アリスJAPAN	std3_dmm	active	经典主线 · 本地库确认
japan_censored	日本有码	DVAJ	Alice Japan / 爱丽丝日本	Alice Japan / 爱丽丝日本	アリスJAPAN	std3_dmm	active	较新常见 · 权威站:javbus · 本地库确认 · 色花堂有码列表×2
japan_censored	日本有码	DVDES	DEEP'S / 深斯	DEEP'S / 深斯	ディープス	std3_dmm	active	较早 · 本地库确认
japan_censored	日本有码	DVDMS	DEEP'S / 深斯	DEEP'S / 深斯	ディープス	std3_dmm	active	魔镜号等 · 本地库确认
japan_censored	日本有码	DVDPS	ディープス		ディープス	std3_dmm	active	本地库高频确认(≥100帖)
japan_censored	日本有码	DVEH	ディープス		ディープス	std3_dmm	active	本地库高频确认(≥100帖)
japan_censored	日本有码	DVMM	DEEP'S / 深斯	DEEP'S / 深斯	ディープス	std3_dmm	active	现行企划 · 本地库确认
japan_censored	日本有码	DVRT	ディープス		ディープス	std3_dmm	active	本地库高频确认(≥100帖)
japan_censored	日本有码	DWD	ドグマ		ドグマ	std3_dmm	active	本地库高频确认(≥100帖)
japan_censored	日本有码	EBOD	E-BODY / 好身材	E-BODY / 好身材	E-BODY	std3_dmm	active	经典身材线 · 本地库确认
japan_censored	日本有码	EBWH	E-BODY / 好身材	E-BODY / 好身材	E-BODY	std3_dmm	active	现行主线 · 本地库确认
japan_censored	日本有码	EKDV	Crystal Eizou / クリスタル映像		クリスタル映像	std3_dmm	active	色花堂有码列表×2 · DMM未命中·待复核
japan_censored	日本有码	ELO	エロチカ		エロチカ	std3_dmm	active	本地库高频确认(≥100帖) · 旧番号 · 用户确认
japan_censored	日本有码	EMBZ	EMBZ / 淫美		エムビーズ	std3_dmm	active	色花堂有码列表×1 · DMM确认
japan_censored	日本有码	EMOI	SODクリエイト		SODクリエイト	std3_dmm	active	历史扩前缀 movieCount=45
japan_censored	日本有码	EMOIS	SODクリエイト		SODクリエイト	std3_dmm	active	历史扩前缀 movieCount=11
japan_censored	日本有码	ENFD	Other Gravure / 其他写真		その他グラビア	std3_dmm	active	片商表/ranges/DMM/权威站
japan_censored	日本有码	ESK	PRESTIGE / 普雷斯提奇	PRESTIGE / 普雷斯提奇	プレステージ	std3_dmm	active	本地库确认
japan_censored	日本有码	EVO	PRESTIGE / 普雷斯提奇	PRESTIGE / 普雷斯提奇	プレステージ	std3_dmm	active	本地库确认
japan_censored	日本有码	EYAN	E-BODY / 好身材	E-BODY / 好身材	E-BODY	std3_dmm	active	人妻身材 · 本地库确认
japan_censored	日本有码	EZD	プレステージ		プレステージ	std3_dmm	active	本地库高频确认(≥100帖) · 早期番号 · 用户确认
japan_censored	日本有码	FAD	FAプロ		FAプロ	std3_dmm	active	本地库高频确认(≥100帖) · ヘンリー塚本系 · 用户确认
japan_censored	日本有码	FAX	FA Pro / FAプロ	FA Pro	FAプロ	std3_dmm	active	本地库确认
japan_censored	日本有码	FCDSS	FALENO / 法雷诺	FALENO / 法雷诺	ファレノ	std3_dmm	active	精选 · 本地库确认
japan_censored	日本有码	FCP	DOC		DOC	std3_dmm	active	本地库高频确认(≥100帖)
japan_censored	日本有码	FERA	センタービレッジ		センタービレッジ	std3_dmm	active	本地库高频确认(≥100帖) · 楽園レーベル · 用户确认
japan_censored	日本有码	FJIN	Other Censored / 其他有码	Other Censored / 其他有码	その他有码	std3_dmm	active	本地库确认
japan_censored	日本有码	FLAV	Digital Ark		デジタルアーク	std3_dmm	active	色花堂有码列表×1 · DMM确认 · 用户确认 · FLAV 属 Digital Ark
japan_censored	日本有码	FLNS	FALENO / 法雷诺	FALENO / 法雷诺	ファレノ	std3_dmm	active	少量旁支 · 本地库确认
japan_censored	日本有码	FNS	FALENO / 法雷诺	FALENO / 法雷诺	ファレノ	std3_dmm	active	数字星线 · 权威站:javbus · 本地库确认
japan_censored	日本有码	FOCS	Focus / フォーカス	Focus	フォーカス	std3_dmm	active	主线 · 本地库确认
japan_censored	日本有码	FPRE	Fitch / フィッチ	Fitch	フィッチ	std3_dmm	active	Premium 系 · 本地库确认
japan_censored	日本有码	FSDSS	FALENO / 法雷诺	FALENO / 法雷诺	ファレノ	std3_open	active	专属单片 · 本地库确认
japan_censored	日本有码	FSET	AKNR / 明纪	AKNR / 明纪	アキノリ	std3_dmm	active	常见企划 · 本地库确认
japan_censored	日本有码	FSVSS	FALENO / 法雷诺	FALENO / 法雷诺	ファレノ	std3_dmm	active	权威站:mgstage · 自素人数字头406FSVSS迁入
japan_censored	日本有码	FTAV	SODクリエイト		SODクリエイト	std3_dmm	active	历史扩前缀 movieCount=14
japan_censored	日本有码	FTHTD	FALENO TUBE		FALENO TUBE	std3_dmm	active	本地库高频确认(≥100帖)
japan_censored	日本有码	FTN	PRESTIGE / 普雷斯提奇	PRESTIGE / 普雷斯提奇	プレステージ	std3_dmm	active	本地库确认
japan_censored	日本有码	FWAY	FAIR＆WAY		FAIR＆WAY	std3_dmm	active	本地库高频确认(≥100帖)
japan_censored	日本有码	GAJK	Other Censored / 其他有码	Other Censored / 其他有码	その他有码	std3_dmm	fallback	库内有片；厂牌署名不明，归入其他有码兜底（用户确认：不删）
japan_censored	日本有码	GARA	Other Censored / 其他有码	Other Censored / 其他有码	その他有码	std3_dmm	fallback	库内有片；厂牌署名不明，归入其他有码兜底（用户确认：不删）
japan_censored	日本有码	GIGL	GIGOLO / ジゴロ	GIGOLO	ジゴロ	std3_dmm	active	本地库确认
japan_censored	日本有码	GMA	Global Media Annex / 全球媒体		グローバルメディアアネックス	std3_dmm	active	色花堂有码列表×2 · DMM确认
japan_censored	日本有码	GOJU	五十路ん		五十路ん	std3_dmm	active	本地库高频确认(≥100帖) · 五十路熟女 · 用户确认
japan_censored	日本有码	GS	Other Censored / 其他有码	Other Censored / 其他有码	その他有码	std3_dmm	fallback	库内有片；厂牌署名不明，归入其他有码兜底（用户确认：不删）
japan_censored	日本有码	GTJ	ドグマ		ドグマ	std3_dmm	active	本地库高频确认(≥100帖)
japan_censored	日本有码	GVG	Glory Quest / グローリークエスト	Glory Quest	グローリークエスト	std3_dmm	active	较早 · 本地库确认
japan_censored	日本有码	GVH	Glory Quest / グローリークエスト	Glory Quest	グローリークエスト	std3_dmm	active	现行更常见 · 权威站:javbus · 本地库确认 · 色花堂有码列表×2
japan_censored	日本有码	HAVD	Hibino / ヒビノ	Hibino	ヒビノ	std3_dmm	active	常见主线 · 本地库确认
japan_censored	日本有码	HAWA	Cosmos Eizou / コスモス映像	Cosmos	コスモス映像	std3_dmm	active	本地库确认
japan_censored	日本有码	HBAD	Hibino / ヒビノ	Hibino	ヒビノ	std3_dmm	active	常见主线 · 本地库确认
japan_censored	日本有码	HHF	Other Censored / 其他有码	Other Censored / 其他有码	その他有码	std3_dmm	fallback	库内有片；厂牌署名不明，归入其他有码兜底（用户确认：不删）
japan_censored	日本有码	HIKR	Fitch / フィッチ	Fitch	フィッチ	std3_dmm	active	少量旁支 · 本地库确认
japan_censored	日本有码	HISN	SODクリエイト		SODクリエイト	std3_dmm	active	历史扩前缀 movieCount=15
japan_censored	日本有码	HJMO	はじめ企画		はじめ企画	std3_dmm	active	本地库高频确认(≥100帖)
japan_censored	日本有码	HMN	Hon-Naka / 本中	Hon-Naka / 本中	本中	std3_open	active	现行主线 · 本地库确认
japan_censored	日本有码	HND	Hon-Naka / 本中	Hon-Naka / 本中	本中	std3_dmm	active	上一代 · 本地库确认
japan_censored	日本有码	HNDB	Hon-Naka / 本中	Hon-Naka / 本中	本中	std3_dmm	active	少量打包 · 本地库确认
japan_censored	日本有码	HNDS	Hon-Naka / 本中	Hon-Naka / 本中	本中	std3_dmm	active	系列/合集 · 本地库确认
japan_censored	日本有码	HODV	h.m.p / エイチエムピー	h.m.p	エイチエムピー	std3_dmm	active	常见主线 · 本地库确认
japan_censored	日本有码	HOKS	FAプロ		FAプロ	std3_dmm	active	本地库高频确认(≥100帖)
japan_censored	日本有码	HOMA	h.m.p DORAMA		h.m.p DORAMA	std3_dmm	active	本地库高频确认(≥100帖)
japan_censored	日本有码	HONB	本中		本中	std3_dmm	active	本地库高频确认(≥100帖) · 中出し系 · 用户确认
japan_censored	日本有码	HRDV	h.m.p / エイチエムピー	h.m.p	エイチエムピー	std3_dmm	active	较早 · 本地库确认
japan_censored	日本有码	HSAM	SODクリエイト		SODクリエイト	std3_dmm	active	历史扩前缀 movieCount=8
japan_censored	日本有码	HSDAM	SODクリエイト		SODクリエイト	std3_dmm	active	历史扩前缀 movieCount=31
japan_censored	日本有码	HSODA	Hsoda		Hsoda	std3_dmm	active	本地库高频确认(≥100帖)
japan_censored	日本有码	HTHD	Center Village / センタービレッジ	Center Village	センタービレッジ	std3_dmm	active	本地库确认
japan_censored	日本有码	HUBLK	Hunter		Hunter	std3_dmm	active	本地库高频确认(≥100帖)
japan_censored	日本有码	HUNBL	Hunter / 猎人	Hunter / 猎人	ハンター	std3_dmm	active	蓝光/特别版一类 · 本地库确认
japan_censored	日本有码	HUNT	Hunter / 猎人	Hunter / 猎人	ハンター	std3_dmm	active	短前缀 · 本地库确认
japan_censored	日本有码	HUNTA	Hunter / 猎人	Hunter / 猎人	ハンター	std3_dmm	active	较早企划 · 本地库确认
japan_censored	日本有码	HUNTB	Hunter / 猎人	Hunter / 猎人	ハンター	std3_dmm	active	常见企划 · 本地库确认
japan_censored	日本有码	HUNTC	Hunter / 猎人	Hunter / 猎人	ハンター	std3_dmm	active	较新企划 · 权威站:javbus · 本地库确认
japan_censored	日本有码	HYPN	SODクリエイト		SODクリエイト	std3_dmm	active	历史扩前缀 movieCount=48
japan_censored	日本有码	HZGD	Hitozuma Hanazono / 人妻花园剧场	人妻花园剧场	人妻花園劇場	std3_dmm	active	本地库确认
japan_censored	日本有码	IBW	I.B.WORKS		I.B.WORKS	std3_dmm	active	本地库高频确认(≥100帖) · 用户确认
japan_censored	日本有码	IDBD	IDEA POCKET / アイデアポケット	Idea Pocket	アイデアポケット	std3_dmm	active	精选合集 · 本地库确认
japan_censored	日本有码	IENE	アイエナジー		アイエナジー	std3_dmm	active	本地库高频确认(≥100帖)
japan_censored	日本有码	IENF	IEnergy / アイエナジー	IEnergy	アイエナジー	std3_dmm	active	本地库确认
japan_censored	日本有码	IESP	IEnergy / アイエナジー	IEnergy	アイエナジー	std3_dmm	active	本地库确认
japan_censored	日本有码	INSTV	HMN WORKS		HMN WORKS	std3_dmm	active	本地库高频确认(≥100帖) · いんすた · 用户确认
japan_censored	日本有码	INU	PRESTIGE / 普雷斯提奇	PRESTIGE / 普雷斯提奇	プレステージ	std3_dmm	active	本地库确认
japan_censored	日本有码	IPSD	IDEA POCKET / アイデアポケット	Idea Pocket	アイデアポケット	std3_dmm	active	少量旁支 · 本地库确认
japan_censored	日本有码	IPTD	IDEA POCKET / アイデアポケット	Idea Pocket	アイデアポケット	std3_dmm	active	最早主线 · 本地库确认
japan_censored	日本有码	IPVR	IDEA POCKET / アイデアポケット	Idea Pocket	アイデアポケット	std3_dmm	active	VR · 本地库确认
japan_censored	日本有码	IPX	IDEA POCKET / アイデアポケット	Idea Pocket	アイデアポケット	std3_open	active	上一代主线 · 本地库确认
japan_censored	日本有码	IPZ	IDEA POCKET / アイデアポケット	Idea Pocket	アイデアポケット	std3_open	active	更早主线 · 本地库确认
japan_censored	日本有码	IPZZ	IDEA POCKET / アイデアポケット	Idea Pocket	アイデアポケット	std3_open	active	现行主线 · 权威站:javbus · 本地库确认
japan_censored	日本有码	ISCR	SODクリエイト		SODクリエイト	std3_dmm	active	历史扩前缀 movieCount=6
japan_censored	日本有码	JAN	PRESTIGE / 普雷斯提奇	PRESTIGE / 普雷斯提奇	プレステージ	std3_dmm	active	本地库确认
japan_censored	日本有码	JBD	Attackers / 攻击者	Attackers / 攻击者	アタッカーズ	std3_dmm	active	高强度调教 · 本地库确认
japan_censored	日本有码	JBS	PRESTIGE / 普雷斯提奇	PRESTIGE / 普雷斯提奇	プレステージ	std3_dmm	active	本地库确认
japan_censored	日本有码	JCN	PRESTIGE / 普雷斯提奇	PRESTIGE / 普雷斯提奇	プレステージ	std3_dmm	active	本地库确认
japan_censored	日本有码	JFB	Fitch / フィッチ	Fitch	フィッチ	std3_dmm	active	精选/旧线 · 本地库确认
japan_censored	日本有码	JKSR	Big Morkal / ビッグモーカル	Big Morkal	ビッグモーカル	std3_dmm	active	本地库确认
japan_censored	日本有码	JOB	PRESTIGE / 普雷斯提奇	PRESTIGE / 普雷斯提奇	プレステージ	std3_dmm	active	
japan_censored	日本有码	JQRE	Madonna / 麦当娜	Madonna / 麦当娜	マドンナ	std3_dmm	active	历史扩前缀 movieCount=31
japan_censored	日本有码	JRZE	Center Village / センタービレッジ	Center Village	センタービレッジ	std3_dmm	active	本地库确认
japan_censored	日本有码	JUC	Madonna / 麦当娜	Madonna / 麦当娜	マドンナ	std3_dmm	active	较早 DVD · 本地库确认
japan_censored	日本有码	JUFD	Fitch / フィッチ	Fitch	フィッチ	std3_dmm	active	上一代 · 本地库确认
japan_censored	日本有码	JUFE	Fitch / フィッチ	Fitch	フィッチ	std3_dmm	active	现行主线 · 本地库确认
japan_censored	日本有码	JUK	Madonna / 麦当娜	Madonna / 麦当娜	マドンナ	std3_dmm	active	历史扩前缀 movieCount=127；集团:WILL集团（原CA/北都集团）；IPPA:010054
japan_censored	日本有码	JUKD	Madonna / 麦当娜	Madonna / 麦当娜	マドンナ	std3_dmm	active	最早主线 · 本地库确认
japan_censored	日本有码	JUL	Madonna / 麦当娜	Madonna / 麦当娜	マドンナ	std3_open	active	更早主线 · 本地库确认
japan_censored	日本有码	JUMS	Madonna / 麦当娜	Madonna / 麦当娜	マドンナ	std3_dmm	active	历史扩前缀 movieCount=169
japan_censored	日本有码	JUNY	Fitch / フィッチ	Fitch	フィッチ	std3_dmm	active	丰满旁支 · 本地库确认
japan_censored	日本有码	JUQ	Madonna / 麦当娜	Madonna / 麦当娜	マドンナ	std3_open	active	上一代主线 · 本地库确认
japan_censored	日本有码	JUR	Madonna / 麦当娜	Madonna / 麦当娜	マドンナ	std3_dmm	active	现行主线 · 权威站:javbus · 本地库确认 · 色花堂有码列表×15
japan_censored	日本有码	JURA	Center Village / センタービレッジ	Center Village	センタービレッジ	std3_dmm	active	五十路纪录片线 系列号 · 本地库确认
japan_censored	日本有码	JUSD	Madonna / 麦当娜		マドンナ	std3_dmm	active	本地库确认
japan_censored	日本有码	JUTA	熟女JAPAN		熟女JAPAN	std3_dmm	active	本地库高频确认(≥100帖)
japan_censored	日本有码	JUVR	Madonna / 麦当娜	Madonna / 麦当娜	マドンナ	std3_dmm	active	历史扩前缀 movieCount=294；集团:WILL集团（原CA/北都集团）；IPPA:010054
japan_censored	日本有码	JUX	Madonna / 麦当娜	Madonna / 麦当娜	マドンナ	std3_dmm	active	历史主线 · 本地库确认
japan_censored	日本有码	JUY	Madonna / 麦当娜	Madonna / 麦当娜	マドンナ	std3_open	active	历史主线 · 本地库确认
japan_censored	日本有码	JYMA	熟女はつらいよ/熟女卍		熟女はつらいよ/熟女卍	std3_dmm	active	本地库高频确认(≥100帖)
japan_censored	日本有码	KAGP	Kaguya Hime Pt / 辉夜姬	辉夜姬	かぐや姫Pt	std3_dmm	active	本地库确认
japan_censored	日本有码	KAM	カルマ		カルマ	std3_dmm	active	本地库高频确认(≥100帖)
japan_censored	日本有码	KAPD	kawaii / 卡哇伊	kawaii / 卡哇伊	kawaii*	std3_dmm	active	合辑/旁支 · 本地库确认
japan_censored	日本有码	KAVR	kawaii / 卡哇伊	kawaii / 卡哇伊	kawaii*	std3_dmm	active	VR · 本地库确认
japan_censored	日本有码	KAWD	kawaii / 卡哇伊	kawaii / 卡哇伊	kawaii*	std3_dmm	active	上一代 · 本地库确认
japan_censored	日本有码	KBKD	センタービレッジ		センタービレッジ	std3_dmm	active	本地库高频确认(≥100帖) · 熟女 · 用户确认
japan_censored	日本有码	KCDA	デジタルアーク		デジタルアーク	std3_dmm	active	本地库高频确认(≥100帖)
japan_censored	日本有码	KIRE	SODクリエイト		SODクリエイト	std3_dmm	active	历史扩前缀 movieCount=86
japan_censored	日本有码	KIWVR	Million / 百万	Million / 百万	ミリオン	std3_dmm	active	VR · 本地库确认
japan_censored	日本有码	KKBT	SODクリエイト		SODクリエイト	std3_dmm	active	历史扩前缀 movieCount=7
japan_censored	日本有码	KKTN	SODクリエイト		SODクリエイト	std3_dmm	active	历史扩前缀 movieCount=22
japan_censored	日本有码	KMHR	SODクリエイト		SODクリエイト	std3_dmm	active	历史扩前缀 movieCount=71
japan_censored	日本有码	KMHRS	SODクリエイト		SODクリエイト	std3_dmm	active	历史扩前缀 movieCount=46
japan_censored	日本有码	KOJA	Other Censored / 其他有码	Other Censored / 其他有码	その他有码	std3_dmm	fallback	库内有片；厂牌署名不明，归入其他有码兜底（用户确认：不删）
japan_censored	日本有码	KRND	Hon-Naka / 本中	Hon-Naka / 本中	本中	std3_dmm	active	旁支 · 本地库确认
japan_censored	日本有码	KSBJ	KSB Kikaku / KSB企画	KSB	KSB企画	std3_dmm	active	本地库确认
japan_censored	日本有码	KSFN	SODクリエイト		SODクリエイト	std3_dmm	active	历史扩前缀 movieCount=18
japan_censored	日本有码	KTDS	ケートライブ		ケートライブ	std3_dmm	active	本地库高频确认(≥100帖) · TMA関連 · 用户确认
japan_censored	日本有码	KTRA	K-Tribe / K部落		ケートライブ	std3_dmm	active	色花堂有码列表×2 · DMM未命中·待复核
japan_censored	日本有码	KUSE	SODクリエイト		SODクリエイト	std3_dmm	active	历史扩前缀 movieCount=41
japan_censored	日本有码	KWBD	kawaii / 卡哇伊	kawaii / 卡哇伊	kawaii*	std3_dmm	active	精选 · 本地库确认
japan_censored	日本有码	LULU	LUNATICS / ルナティックス	LUNATICS	ルナティックス	std3_dmm	active	本地库确认
japan_censored	日本有码	MADM	クリスタル映像		クリスタル映像	std3_dmm	active	本地库高频确认(≥100帖)
japan_censored	日本有码	MADV	クリスタル映像		クリスタル映像	std3_dmm	active	本地库高频确认(≥100帖)
japan_censored	日本有码	MAS	PRESTIGE / 普雷斯提奇	PRESTIGE / 普雷斯提奇	プレステージ	std3_dmm	active	本地库确认
japan_censored	日本有码	MASD	SODクリエイト		SODクリエイト	std3_dmm	active	历史扩前缀 movieCount=22
japan_censored	日本有码	MBDD	Other Gravure / 其他写真		その他グラビア	std3_dmm	active	片商表/ranges/DMM/权威站
japan_censored	日本有码	MBM	MBM		MBM	std3_dmm	active	本地库高频确认(≥100帖)
japan_censored	日本有码	MBRAA	Other Gravure / 其他写真		その他グラビア	std3_dmm	active	片商表/ranges/DMM/权威站
japan_censored	日本有码	MBRBA	Other Gravure / 其他写真		その他グラビア	std3_dmm	active	片商表/ranges/DMM/权威站
japan_censored	日本有码	MCSR	ビッグモーカル		ビッグモーカル	std3_dmm	active	本地库高频确认(≥100帖) · 中出し人妻 · 用户确认
japan_censored	日本有码	MDB	BAZOOKA / バズーカ	Bazooka	バズーカ	std3_dmm	active	本地库确认
japan_censored	日本有码	MDBK	BAZOOKA / バズーカ	Bazooka	バズーカ	std3_dmm	active	本地库确认
japan_censored	日本有码	MDE	MOODYZ / 慕迪斯	MOODYZ / 慕迪斯	ムーディーズ	std3_dmm	active	历史扩前缀 movieCount=352；集团:WILL集团（原CA/北都集团）；IPPA:010054
japan_censored	日本有码	MDED	MOODYZ / 慕迪斯	MOODYZ / 慕迪斯	ムーディーズ	std3_dmm	active	历史扩前缀 movieCount=69
japan_censored	日本有码	MDF	MOODYZ / 慕迪斯	MOODYZ / 慕迪斯	ムーディーズ	std3_dmm	active	历史扩前缀 movieCount=10；集团:WILL集团（原CA/北都集团）；IPPA:010054
japan_censored	日本有码	MDG	MOODYZ / 慕迪斯	MOODYZ / 慕迪斯	ムーディーズ	std3_dmm	active	历史扩前缀 movieCount=18；集团:WILL集团（原CA/北都集团）；IPPA:010054
japan_censored	日本有码	MDI	MOODYZ / 慕迪斯	MOODYZ / 慕迪斯	ムーディーズ	std3_dmm	active	历史扩前缀 movieCount=93；集团:WILL集团（原CA/北都集团）；IPPA:010054
japan_censored	日本有码	MDJ	MOODYZ / 慕迪斯	MOODYZ / 慕迪斯	ムーディーズ	std3_dmm	active	历史扩前缀 movieCount=113；集团:WILL集团（原CA/北都集团）；IPPA:010054
japan_censored	日本有码	MDJD	MOODYZ / 慕迪斯	MOODYZ / 慕迪斯	ムーディーズ	std3_dmm	active	历史扩前缀 movieCount=7
japan_censored	日本有码	MDLD	MOODYZ / 慕迪斯	MOODYZ / 慕迪斯	ムーディーズ	std3_dmm	active	历史扩前缀 movieCount=107
japan_censored	日本有码	MDM	MOODYZ / 慕迪斯	MOODYZ / 慕迪斯	ムーディーズ	std3_dmm	active	历史扩前缀 movieCount=46
japan_censored	日本有码	MDON	Madonna / 麦当娜	Madonna / 麦当娜	マドンナ	std3_dmm	active	配信限定 · 本地库确认
japan_censored	日本有码	MDP	MOODYZ / 慕迪斯	MOODYZ / 慕迪斯	ムーディーズ	std3_dmm	active	历史扩前缀 movieCount=45
japan_censored	日本有码	MDQ	MOODYZ / 慕迪斯	MOODYZ / 慕迪斯	ムーディーズ	std3_dmm	active	历史扩前缀 movieCount=8
japan_censored	日本有码	MDR	MOODYZ / 慕迪斯	MOODYZ / 慕迪斯	ムーディーズ	std3_dmm	active	历史扩前缀 movieCount=7
japan_censored	日本有码	MDS	Uchu Kikaku / 宇宙企划	宇宙企划	宇宙企画	std3_dmm	active	宇宙企画主线（勿与国产 MDS 混淆） · 本地库确认
japan_censored	日本有码	MDTM	宇宙企画		宇宙企画	std3_dmm	active	本地库高频确认(≥100帖) · 用户确认
japan_censored	日本有码	MDUD	MOODYZ / 慕迪斯	MOODYZ / 慕迪斯	ムーディーズ	std3_dmm	active	历史扩前缀 movieCount=20
japan_censored	日本有码	MDV	MOODYZ / 慕迪斯	MOODYZ / 慕迪斯	ムーディーズ	std3_dmm	active	历史扩前缀 movieCount=13
japan_censored	日本有码	MDVR	MOODYZ / 慕迪斯	MOODYZ / 慕迪斯	ムーディーズ	std3_dmm	active	VR · 本地库确认
japan_censored	日本有码	MDW	MOODYZ / 慕迪斯	MOODYZ / 慕迪斯	ムーディーズ	std3_dmm	active	历史扩前缀 movieCount=11
japan_censored	日本有码	MDY	MOODYZ / 慕迪斯	MOODYZ / 慕迪斯	ムーディーズ	std3_dmm	active	历史扩前缀 movieCount=17
japan_censored	日本有码	MDYD	Tameike Goro / 溜池五郎	溜池五郎	溜池ゴロー	std3_dmm	active	极早历史号（也见于溜池） · 本地库确认
japan_censored	日本有码	MEKO	熟女LABO		熟女LABO	std3_dmm	active	本地库高频确认(≥100帖) · 用户确认
japan_censored	日本有码	MESU	センタービレッジ		センタービレッジ	std3_dmm	active	本地库高频确认(≥100帖) · 用户确认
japan_censored	日本有码	MEYD	Tameike Goro / 溜池五郎	溜池五郎	溜池ゴロー	std3_open	active	现行主线 · 本地库确认
japan_censored	日本有码	MFYD	Tameike Goro / 溜池五郎	溜池五郎	溜池ゴロー	std3_dmm	active	旁支 · 本地库确认
japan_censored	日本有码	MGOLD	Million / 百万	Million / 百万	ミリオン	std3_dmm	active	金色系列 · 本地库确认
japan_censored	日本有码	MIAA	MOODYZ / 慕迪斯	MOODYZ / 慕迪斯	ムーディーズ	std3_open	active	非专属上一代 · 本地库确认
japan_censored	日本有码	MIAB	MOODYZ / 慕迪斯	MOODYZ / 慕迪斯	ムーディーズ	std3_dmm	active	非专属企划现行 · 本地库确认
japan_censored	日本有码	MIAD	MOODYZ / 慕迪斯	MOODYZ / 慕迪斯	ムーディーズ	std3_dmm	active	早期 Acid · 本地库确认
japan_censored	日本有码	MIAE	MOODYZ / 慕迪斯	MOODYZ / 慕迪斯	ムーディーズ	std3_dmm	active	Acid 更早 · 本地库确认
japan_censored	日本有码	MIAS	MOODYZ / 慕迪斯	MOODYZ / 慕迪斯	ムーディーズ	std3_dmm	active	历史扩前缀 movieCount=11
japan_censored	日本有码	MIBB	ミル		ミル	std3_dmm	active	本地库高频确认(≥100帖)
japan_censored	日本有码	MIBD	MOODYZ / 慕迪斯	MOODYZ / 慕迪斯	ムーディーズ	std3_dmm	active	旧作精选 · 本地库确认
japan_censored	日本有码	MID	MOODYZ / 慕迪斯	MOODYZ / 慕迪斯	ムーディーズ	std3_dmm	active	历史扩前缀 movieCount=5
japan_censored	日本有码	MIDA	MOODYZ / 慕迪斯	MOODYZ / 慕迪斯	ムーディーズ	std3_dmm	active	专属现行 · 本地库确认
japan_censored	日本有码	MIDD	MOODYZ / 慕迪斯	MOODYZ / 慕迪斯	ムーディーズ	std3_dmm	active	早期专属 · 本地库确认
japan_censored	日本有码	MIDE	MOODYZ / 慕迪斯	MOODYZ / 慕迪斯	ムーディーズ	std3_open	active	更早专属 · 本地库确认
japan_censored	日本有码	MIDV	MOODYZ / 慕迪斯	MOODYZ / 慕迪斯	ムーディーズ	std3_open	active	专属上一代 · 本地库确认
japan_censored	日本有码	MIFD	MOODYZ / 慕迪斯	MOODYZ / 慕迪斯	ムーディーズ	std3_dmm	active	新人出道 · 本地库确认
japan_censored	日本有码	MIGD	MOODYZ / 慕迪斯	MOODYZ / 慕迪斯	ムーディーズ	std3_dmm	active	硬核企划 · 本地库确认
japan_censored	日本有码	MIHD	MOODYZ / 慕迪斯	MOODYZ / 慕迪斯	ムーディーズ	std3_dmm	active	历史扩前缀 movieCount=12
japan_censored	日本有码	MIID	MOODYZ / 慕迪斯	MOODYZ / 慕迪斯	ムーディーズ	std3_dmm	active	历史扩前缀 movieCount=189；集团:WILL集团（原CA/北都集团）；IPPA:010054
japan_censored	日本有码	MIKR	Other Censored / 其他有码	Other Censored / 其他有码	その他有码	std3_dmm	active	本地库确认
japan_censored	日本有码	MILD	Million / 百万	Million / 百万	ミリオン	std3_dmm	active	较早主线 · 本地库确认
japan_censored	日本有码	MILK	MILK / ミルク	MILK	ミルク	std3_dmm	active	
japan_censored	日本有码	MIMK	MOODYZ / 慕迪斯	MOODYZ / 慕迪斯	ムーディーズ	std3_open	active	漫画/黄油改编 · 本地库确认
japan_censored	日本有码	MIMU	MOODYZ / 慕迪斯	MOODYZ / 慕迪斯	ムーディーズ	std3_dmm	active	历史扩前缀 movieCount=25
japan_censored	日本有码	MINT	MOODYZ / 慕迪斯	MOODYZ / 慕迪斯	ムーディーズ	std3_dmm	active	历史扩前缀 movieCount=9
japan_censored	日本有码	MIQD	MOODYZ / 慕迪斯	MOODYZ / 慕迪斯	ムーディーズ	std3_dmm	active	历史扩前缀 movieCount=11
japan_censored	日本有码	MIRD	MOODYZ / 慕迪斯	MOODYZ / 慕迪斯	ムーディーズ	std3_dmm	active	大型企划 · 本地库确认
japan_censored	日本有码	MISM	Emuko Labo / えむっ娘ラボ	Muko Lab	えむっ娘ラボ	std3_dmm	active	主线 · 本地库确认
japan_censored	日本有码	MIST	Mr.Michiru / 美汁流		ミスターミチル	std3_dmm	active	色花堂有码列表×2 · DMM确认
japan_censored	日本有码	MIVD	MOODYZ / 慕迪斯	MOODYZ / 慕迪斯	ムーディーズ	std3_dmm	active	历史扩前缀 movieCount=29
japan_censored	日本有码	MIXS	MOODYZ / 慕迪斯	MOODYZ / 慕迪斯	ムーディーズ	std3_dmm	active	历史扩前缀 movieCount=5
japan_censored	日本有码	MIZD	MOODYZ / 慕迪斯	MOODYZ / 慕迪斯	ムーディーズ	std3_dmm	active	新作精选 · 本地库确认
japan_censored	日本有码	MKCK	E-BODY / 好身材	E-BODY / 好身材	E-BODY	std3_dmm	active	身材精选 · 本地库确认
japan_censored	日本有码	MKD	Mothers / 母亲们		マザーズ	std3_dmm	active	色花堂有码列表×1 · DMM确认
japan_censored	日本有码	MKMP	Million / 百万	Million / 百万	ミリオン	std3_dmm	active	现行更常见 · 权威站:javbus · 本地库确认 · 色花堂有码列表×4
japan_censored	日本有码	MKON	かぐや姫Pt		かぐや姫Pt	std3_dmm	active	本地库高频确认(≥100帖)
japan_censored	日本有码	MKY	MOODYZ / 慕迪斯		ムーディーズ	std3_dmm	active	片商表/ranges/DMM/权威站 · 【注意】与国产同名号前缀撞车，请按 region 区分
japan_censored	日本有码	MMB	桃太郎映像出版		桃太郎映像出版	std3_dmm	active	本地库高频确认(≥100帖)
japan_censored	日本有码	MMGH	SODクリエイト		SODクリエイト	std3_dmm	active	历史扩前缀 movieCount=281
japan_censored	日本有码	MMKZ	MARRION		MARRION	std3_dmm	active	本地库高频确认(≥100帖)
japan_censored	日本有码	MMUS	MARRION		MARRION	std3_dmm	active	本地库高频确认(≥100帖)
japan_censored	日本有码	MNGS	MOODYZ / 慕迪斯	MOODYZ / 慕迪斯	ムーディーズ	std3_dmm	active	历史扩前缀 movieCount=67
japan_censored	日本有码	MOER	MOODYZ / 慕迪斯	MOODYZ / 慕迪斯	ムーディーズ	std3_dmm	active	历史扩前缀 movieCount=11
japan_censored	日本有码	MOGI	MOODYZ / 慕迪斯		ムーディーズ	std3_dmm	active	片商表/ranges/DMM/权威站
japan_censored	日本有码	MOND	Takara Eizou / タカラ映像	Takara Eizou	タカラ映像	std3_dmm	active	あこがれ一类 · 权威站:javbus · 本地库确认 · 色花堂有码列表×1
japan_censored	日本有码	MOOC	Other Censored / 其他有码	Other Censored / 其他有码	その他有码	std3_dmm	fallback	库内有片；厂牌署名不明，归入其他有码兜底（用户确认：不删）
japan_censored	日本有码	MOON	YONAKA		YONAKA	std3_dmm	active	本地库高频确认(≥100帖)
japan_censored	日本有码	MOT	Mother / マザー	Mother	マザー	std3_dmm	active	本地库确认
japan_censored	日本有码	MREC	Madonna / 麦当娜	Madonna / 麦当娜	マドンナ	std3_dmm	active	历史扩前缀 movieCount=11
japan_censored	日本有码	MRSS	Mrs no Sugao / 人妻素颜	人妻素颜	ミセスの素顔	std3_dmm	active	本地库确认
japan_censored	日本有码	MSFH	SODクリエイト		SODクリエイト	std3_open	active	历史扩前缀 movieCount=57
japan_censored	日本有码	MSQ	Other Censored / 其他有码	Other Censored / 其他有码	その他有码	std3_dmm	fallback	库内有片；厂牌署名不明，归入其他有码兜底（用户确认：不删）
japan_censored	日本有码	MTALL	Materiall / マテリアル	Materiall	マテリアル	std3_dmm	active	本地库确认
japan_censored	日本有码	MTON	Madonna / 麦当娜	Madonna / 麦当娜	マドンナ	std3_dmm	active	历史扩前缀 movieCount=9
japan_censored	日本有码	MUCD	Muku / 无垢	无垢	無垢	std3_dmm	active	旁支/合集 · 本地库确认
japan_censored	日本有码	MUDR	Muku / 无垢	无垢	無垢	std3_dmm	active	常见主线 · 本地库确认
japan_censored	日本有码	MUKC	Muku / 无垢	无垢	無垢	std3_dmm	active	旁支 · 本地库确认
japan_censored	日本有码	MUKD	Muku / 无垢	无垢	無垢	std3_dmm	active	常见主线 · 本地库确认
japan_censored	日本有码	MUM	ミニマム		ミニマム	std3_dmm	active	本地库高频确认(≥100帖)
japan_censored	日本有码	MVG	MVG / 电影门		ムービーゲート	std3_dmm	active	色花堂有码列表×1 · DMM确认
japan_censored	日本有码	MVSD	M's Video Group / エムズビデオグループ	M's Video	エムズビデオグループ	std3_open	active	主线 · 本地库确认
japan_censored	日本有码	MXBD	マキシング		マキシング	std3_dmm	active	本地库高频确认(≥100帖) · BD旧番号 · 用户确认
japan_censored	日本有码	MXGS	MAXING / マキシング	Maxing	マキシング	std3_dmm	active	单片主线 · 本地库确认
japan_censored	日本有码	MXSPS	MAXING / マキシング	Maxing	マキシング	std3_dmm	active	精选 · 本地库确认
japan_censored	日本有码	MZQ	Other Censored / 其他有码	Other Censored / 其他有码	その他有码	std3_dmm	fallback	库内有片；厂牌署名不明，归入其他有码兜底（用户确认：不删）
japan_censored	日本有码	NACR	Planet Plus / プラネットプラス	Planet Plus	プラネットプラス	std3_open	active	家政妇企划 · 本地库确认
japan_censored	日本有码	NACT	Planet Plus / プラネットプラス	Planet Plus	プラネットプラス	std3_dmm	active	较新系列 · 权威站:javbus · 本地库确认 · 色花堂有码列表×7
japan_censored	日本有码	NACX	プラネットプラス		プラネットプラス	std3_dmm	active	本地库高频确认(≥100帖) · 用户确认
japan_censored	日本有码	NAD	DOC / ドック	DOC	ドック	std3_dmm	active	本地库确认
japan_censored	日本有码	NASH	Crystal Eizou / クリスタル映像	Crystal	クリスタル映像	std3_dmm	active	本地库确认
japan_censored	日本有码	NASK	なでしこ		なでしこ	std3_dmm	active	本地库高频确认(≥100帖)
japan_censored	日本有码	NASS	Nadeshiko / なでしこ	Nadeshiko	なでしこ	std3_dmm	active	本地库确认
japan_censored	日本有码	NATR	Big Morkal / ビッグモーカル	Big Morkal	ビッグモーカル	std3_dmm	active	本地库确认
japan_censored	日本有码	NDRA	JET Eizou / JET映像	JET	JET映像	std3_dmm	active	相关企划 · 本地库确认
japan_censored	日本有码	NFDM	Freedom / フリーダム	Freedom	フリーダム	std3_dmm	active	本地库确认
japan_censored	日本有码	NGHJ	Other Censored / 其他有码	Other Censored / 其他有码	その他有码	std3_dmm	fallback	库内有片；厂牌署名不明，归入其他有码兜底（用户确认：不删）
japan_censored	日本有码	NGOD	JET Eizou / JET映像	JET	JET映像	std3_open	active	人妻 NTR · 本地库确认 · 色花堂有码列表×2
japan_censored	日本有码	NHDT	Natural High / 自然高	Natural High / 自然高	ナチュラルハイ	std3_dmm	active	更早短号 · 本地库确认
japan_censored	日本有码	NHDTA	Natural High / 自然高	Natural High / 自然高	ナチュラルハイ	std3_dmm	active	上一代 · 本地库确认
japan_censored	日本有码	NHDTB	Natural High / 自然高	Natural High / 自然高	ナチュラルハイ	std3_dmm	active	现行常见 · 本地库确认
japan_censored	日本有码	NHDTC	Natural High / 自然高	Natural High / 自然高	ナチュラルハイ	std3_dmm	active	旁支换代 · 本地库确认
japan_censored	日本有码	NIMA	Fitch / フィッチ	Fitch	フィッチ	std3_dmm	active	漫画改编一类 · 本地库确认
japan_censored	日本有码	NITR	Crystal Eizou / クリスタル映像	Crystal	クリスタル映像	std3_dmm	active	本地库确认
japan_censored	日本有码	NKKD	JET Eizou / JET映像	JET	JET映像	std3_dmm	active	相关企划 · 本地库确认
japan_censored	日本有码	NNOD	Other Censored / 其他有码	Other Censored / 其他有码	その他有码	std3_dmm	fallback	库内有片；厂牌署名不明，归入其他有码兜底（用户确认：不删）
japan_censored	日本有码	NPS	ピーターズ		ピーターズ	std3_dmm	active	本地库高频确认(≥100帖) · 用户确认
japan_censored	日本有码	NSFS	Nagae STYLE / 永江STYLE	永江STYLE	ながえSTYLE	std3_open	active	和姦郁向剧情线 系列号 · 权威站:javbus · 本地库确认 · 色花堂有码列表×2
japan_censored	日本有码	NSPS	Nagae STYLE / 永江STYLE	永江STYLE	ながえSTYLE	std3_dmm	active	本地库确认
japan_censored	日本有码	NTRD	中嶋興業		中嶋興業	std3_dmm	active	本地库高频确认(≥100帖)
japan_censored	日本有码	NTTR	SODクリエイト		SODクリエイト	std3_dmm	active	历史扩前缀 movieCount=60
japan_censored	日本有码	NUKA	Center Village / センタービレッジ	Center Village	センタービレッジ	std3_dmm	active	本地库确认
japan_censored	日本有码	NVH	グローリークエスト		グローリークエスト	std3_dmm	active	本地库高频确认(≥100帖)
japan_censored	日本有码	NWF	ワンズファクトリー		ワンズファクトリー	std3_dmm	active	本地库高频确认(≥100帖) · WANZ旧番号 · 用户确认
japan_censored	日本有码	OAE	Other Gravure / 其他写真		その他グラビア	std3_dmm	active	片商表/ranges/DMM/权威站
japan_censored	日本有码	OBA	Madonna / 麦当娜	Madonna / 麦当娜	マドンナ	std3_dmm	active	更高龄熟女 · 本地库确认
japan_censored	日本有码	OBE	Madonna / 麦当娜	Madonna / 麦当娜	マドンナ	std3_dmm	active	历史扩前缀 movieCount=39
japan_censored	日本有码	OERO	Other Censored / 其他有码	Other Censored / 其他有码	その他有码	std3_dmm	fallback	库内有片；厂牌署名不明，归入其他有码兜底（用户确认：不删）
japan_censored	日本有码	OFES	S1 NO.1 STYLE / 第一风格	S1 NO.1 STYLE / 第一风格	エスワン ナンバーワンスタイル	std3_dmm	active	活动/企划旁支 · 本地库确认
japan_censored	日本有码	OFJE	S1 NO.1 STYLE / 第一风格	S1 NO.1 STYLE / 第一风格	エスワン ナンバーワンスタイル	std3_open	active	精选合集 · 本地库确认
japan_censored	日本有码	OKAD	おかず。		おかず。	std3_dmm	active	本地库高频确认(≥100帖) · KMP · 用户确认
japan_censored	日本有码	OKAX	おかず。		おかず。	std3_dmm	active	本地库高频确认(≥100帖) · KMP · 用户确认
japan_censored	日本有码	OKSN	ABC/妄想族		ABC/妄想族	std3_dmm	active	本地库高频确认(≥100帖)
japan_censored	日本有码	OKYH	SODクリエイト		SODクリエイト	std3_dmm	active	历史扩前缀 movieCount=80
japan_censored	日本有码	ONE	S1 NO.1 STYLE / 第一风格	S1 NO.1 STYLE / 第一风格	エスワン ナンバーワンスタイル	std3_dmm	active	历史扩前缀 movieCount=59
japan_censored	日本有码	ONED	S1 NO.1 STYLE / 第一风格	S1 NO.1 STYLE / 第一风格	エスワン ナンバーワンスタイル	std3_dmm	active	最早主线 · 本地库确认
japan_censored	日本有码	ONEZ	PRESTIGE / 普雷斯提奇	PRESTIGE / 普雷斯提奇	プレステージ	std3_dmm	active	本地库确认
japan_censored	日本有码	ONS	S1 NO.1 STYLE / 第一风格	S1 NO.1 STYLE / 第一风格	エスワン ナンバーワンスタイル	std3_dmm	active	历史扩前缀 movieCount=5
japan_censored	日本有码	ONSD	S1 NO.1 STYLE / 第一风格	S1 NO.1 STYLE / 第一风格	エスワン ナンバーワンスタイル	std3_dmm	active	早期精选 · 本地库确认
japan_censored	日本有码	ONSG	ゲインコーポレーション		ゲインコーポレーション	std3_open	active	本地库高频确认(≥100帖)
japan_censored	日本有码	OPEN	SODクリエイト		SODクリエイト	std3_dmm	active	历史扩前缀 movieCount=5
japan_censored	日本有码	OVG	Glory Quest / グローリークエスト	Glory Quest	グローリークエスト	std3_open	active	旁支/合集 · 本地库确认
japan_censored	日本有码	PARATHD	パラダイステレビ		パラダイステレビ	std3_dmm	active	本地库高频确认(≥100帖)
japan_censored	日本有码	PARM	アロマ企画		アロマ企画	std3_dmm	active	本地库高频确认(≥100帖)
japan_censored	日本有码	PBD	PREMIUM / 高级	PREMIUM / 高级	プレミアム	std3_dmm	active	打包/系列 · 本地库确认
japan_censored	日本有码	PFES	PREMIUM / 高级	PREMIUM / 高级	プレミアム	std3_dmm	active	精选 · 本地库确认
japan_censored	日本有码	PGD	PREMIUM / 高级	PREMIUM / 高级	プレミアム	std3_dmm	active	上一代 · 本地库确认
japan_censored	日本有码	PID	プレミアム		プレミアム	std3_dmm	active	历史扩前缀 movieCount=21
japan_censored	日本有码	PIYO	ひよこ		ひよこ	std3_dmm	active	本地库高频确认(≥100帖)
japan_censored	日本有码	PJD	PREMIUM / 高级	PREMIUM / 高级	プレミアム	std3_dmm	active	企划旁支 · 本地库确认
japan_censored	日本有码	PKPD	パコパコ団とゆかいな仲間たち/妄想族		パコパコ団とゆかいな仲間たち/妄想族	std3_dmm	active	本地库高频确认(≥100帖)
japan_censored	日本有码	PPBD	OPPAI / おっぱい	OPPAI	おっぱい	std3_dmm	active	精选 · 本地库确认
japan_censored	日本有码	PPPD	OPPAI / おっぱい	OPPAI	おっぱい	std3_dmm	active	上一代 · 本地库确认
japan_censored	日本有码	PPPE	OPPAI / おっぱい	OPPAI	おっぱい	std3_open	active	现行主线 · 本地库确认
japan_censored	日本有码	PPSD	OPPAI / おっぱい	OPPAI	おっぱい	std3_dmm	active	系列/企划 · 本地库确认
japan_censored	日本有码	PPT	PRESTIGE / 普雷斯提奇	PRESTIGE / 普雷斯提奇	プレステージ	std3_dmm	active	本地库确认
japan_censored	日本有码	PRDB	SODクリエイト		SODクリエイト	std3_dmm	active	历史扩前缀 movieCount=30
japan_censored	日本有码	PRED	PREMIUM / 高级	PREMIUM / 高级	プレミアム	std3_open	active	现行主线 · 本地库确认
japan_censored	日本有码	PRST	PREMIUM / 高级	PREMIUM / 高级	プレミアム	std3_dmm	active	少量系列 · 本地库确认
japan_censored	日本有码	PRTD	プレミアム		プレミアム	std3_dmm	active	历史扩前缀 movieCount=29
japan_censored	日本有码	PRVR	プレミアム		プレミアム	std3_dmm	active	历史扩前缀 movieCount=91
japan_censored	日本有码	PRWF	プレミアム		プレミアム	std3_dmm	active	历史扩前缀 movieCount=13
japan_censored	日本有码	PTS	ピーターズ		ピーターズ	std3_dmm	active	本地库高频确认(≥100帖) · 用户确认
japan_censored	日本有码	PXD	PREMIUM / 高级	PREMIUM / 高级	プレミアム	std3_dmm	active	企划旁支 · 本地库确认
japan_censored	日本有码	PXVR	PRESTIGE / 普雷斯提奇	PRESTIGE / 普雷斯提奇	プレステージ	std3_dmm	active	VR · 本地库确认
japan_censored	日本有码	PYM	ピーターズ		ピーターズ	std3_dmm	active	本地库高频确认(≥100帖) · 极少 · 用户确认
japan_censored	日本有码	RBB	ROOKIE / ルーキー	ROOKIE	ルーキー	std3_dmm	active	精选 · 本地库确认
japan_censored	日本有码	RBD	Attackers / 攻击者	Attackers / 攻击者	アタッカーズ	std3_open	active	囚禁拘束 · 本地库确认
japan_censored	日本有码	RBK	Attackers / 攻击者	Attackers / 攻击者	アタッカーズ	std3_dmm	active	囚禁后继 · 本地库确认
japan_censored	日本有码	RCT	ROCKET / 火箭	ROCKET / 火箭	ロケット	std3_dmm	active	较早 · 本地库确认
japan_censored	日本有码	RCTD	ROCKET / 火箭	ROCKET / 火箭	ロケット	std3_dmm	active	现行更常见 · 权威站:javbus · 本地库确认 · 色花堂有码列表×3
japan_censored	日本有码	REAL	REAL / レアル	REAL	レアル	std3_dmm	active	
japan_censored	日本有码	REBD	REbecca / 丽贝卡		レベッカ	std3_dmm	active	片商表/ranges/DMM/权威站
japan_censored	日本有码	REBDB	REbecca / 丽贝卡		レベッカ	std3_dmm	active	片商表/ranges/DMM/权威站
japan_censored	日本有码	REXD	レッド		レッド	std3_dmm	active	本地库高频确认(≥100帖)
japan_censored	日本有码	RKI	ROOKIE / ルーキー	ROOKIE	ルーキー	std3_dmm	active	单片/企划 · 权威站:javbus · 本地库确认 · 色花堂有码列表×2
japan_censored	日本有码	RLMP	REAL / レアル		レアル	std3_dmm	active	色花堂有码列表×4 · DMM确认
japan_censored	日本有码	ROE	Madonna / 麦当娜	Madonna / 麦当娜	マドンナ	std3_dmm	active	四十代向 · 权威站:javbus · 本地库确认 · 色花堂有码列表×7
japan_censored	日本有码	ROEB	Madonna / 麦当娜	Madonna / 麦当娜	マドンナ	std3_dmm	active	历史扩前缀 movieCount=15
japan_censored	日本有码	ROYD	ROYD / ロイド	ROYD	ロイド	std3_dmm	active	主线 · 权威站:javbus · 本地库确认 · 色花堂有码列表×4
japan_censored	日本有码	RVG	グローリークエスト		グローリークエスト	std3_dmm	active	本地库高频确认(≥100帖)
japan_censored	日本有码	SACE	MAX-A / 麦克斯	MAX-A / 麦克斯	マックスエー	std3_dmm	active	本地库确认
japan_censored	日本有码	SAL	SAL / 萨尔		サル	std3_dmm	active	色花堂有码列表×1 · DMM确认
japan_censored	日本有码	SAME	Attackers / 攻击者	Attackers / 攻击者	アタッカーズ	std3_open	active	较新暗黑线 · 本地库确认
japan_censored	日本有码	SAO	Other Censored / 其他有码	Other Censored / 其他有码	その他有码	std3_dmm	fallback	库内有片；厂牌署名不明，归入其他有码兜底（用户确认：不删）
japan_censored	日本有码	SAVR	SOD Create / SOD制作	SOD Create / SOD制作	SODクリエイト	std3_dmm	active	VR · 本地库确认
japan_censored	日本有码	SCOP	スクープ		スクープ	std3_dmm	active	本地库高频确认(≥100帖) · 用户确认
japan_censored	日本有码	SCPX	SCOOP / スクープ	SCOOP	スクープ	std3_dmm	active	本地库确认
japan_censored	日本有码	SDAB	SOD Create / SOD制作	SOD Create / SOD制作	SODクリエイト	std3_dmm	active	制服/学生企划 · 本地库确认
japan_censored	日本有码	SDABP	SODクリエイト		SODクリエイト	std3_dmm	active	历史扩前缀 movieCount=7
japan_censored	日本有码	SDAM	SOD Create / SOD制作	SOD Create / SOD制作	SODクリエイト	std3_dmm	active	本地库确认
japan_censored	日本有码	SDCA	SODクリエイト		SODクリエイト	std3_dmm	active	历史扩前缀 movieCount=39
japan_censored	日本有码	SDDE	SOD Create / SOD制作	SOD Create / SOD制作	SODクリエイト	std3_open	active	魔镜号等 · 本地库确认
japan_censored	日本有码	SDDL	SODクリエイト		SODクリエイト	std3_dmm	active	历史扩前缀 movieCount=28
japan_censored	日本有码	SDDM	SODクリエイト		SODクリエイト	std3_dmm	active	历史扩前缀 movieCount=203
japan_censored	日本有码	SDEN	SODクリエイト		SODクリエイト	std3_dmm	active	历史扩前缀 movieCount=37
japan_censored	日本有码	SDFK	SODクリエイト		SODクリエイト	std3_dmm	active	历史扩前缀 movieCount=68
japan_censored	日本有码	SDHS	SODクリエイト		SODクリエイト	std3_dmm	active	历史扩前缀 movieCount=40
japan_censored	日本有码	SDJS	SOD Create / SOD制作	SOD Create / SOD制作	SODクリエイト	std3_open	active	女职员企划 · 本地库确认
japan_censored	日本有码	SDMF	SODクリエイト		SODクリエイト	std3_dmm	active	历史扩前缀 movieCount=50
japan_censored	日本有码	SDMM	SOD Create / SOD制作	SOD Create / SOD制作	SODクリエイト	std3_dmm	active	魔镜号相关 · 本地库确认
japan_censored	日本有码	SDMS	SODクリエイト		SODクリエイト	std3_dmm	active	历史扩前缀 movieCount=759
japan_censored	日本有码	SDMT	SOD Create / SOD制作	SOD Create / SOD制作	SODクリエイト	std3_dmm	active	本地库确认
japan_censored	日本有码	SDMU	SOD Create / SOD制作	SOD Create / SOD制作	SODクリエイト	std3_dmm	active	本地库确认
japan_censored	日本有码	SDMUA	SODクリエイト		SODクリエイト	std3_dmm	active	历史扩前缀 movieCount=95
japan_censored	日本有码	SDNT	SODクリエイト		SODクリエイト	std3_dmm	active	历史扩前缀 movieCount=23
japan_censored	日本有码	SDSI	SODクリエイト		SODクリエイト	std3_dmm	active	历史扩前缀 movieCount=60
japan_censored	日本有码	SDTH	SODクリエイト		SODクリエイト	std3_dmm	active	历史扩前缀 movieCount=39
japan_censored	日本有码	SDVS	SODクリエイト		SODクリエイト	std3_dmm	active	历史扩前缀 movieCount=9
japan_censored	日本有码	SENN	SODクリエイト		SODクリエイト	std3_dmm	active	历史扩前缀 movieCount=63
japan_censored	日本有码	SETH	SODクリエイト		SODクリエイト	std3_dmm	active	历史扩前缀 movieCount=15
japan_censored	日本有码	SETM	SODクリエイト		SODクリエイト	std3_dmm	active	历史扩前缀 movieCount=41
japan_censored	日本有码	SGA	PRESTIGE / 普雷斯提奇	PRESTIGE / 普雷斯提奇	プレステージ	std3_dmm	active	轻熟女 · 本地库确认
japan_censored	日本有码	SGKI	SHIGEKI		SHIGEKI	std3_dmm	active	本地库高频确认(≥100帖)
japan_censored	日本有码	SGSR	いきなりエロざんまい		いきなりエロざんまい	std3_dmm	active	本地库高频确认(≥100帖) · 用户确认
japan_censored	日本有码	SHKD	Attackers / 攻击者	Attackers / 攻击者	アタッカーズ	std3_open	active	经典凌辱 · 本地库确认
japan_censored	日本有码	SHYN	SODクリエイト		SODクリエイト	std3_dmm	active	历史扩前缀 movieCount=222
japan_censored	日本有码	SITW	Other Censored / 其他有码	Other Censored / 其他有码	その他有码	std3_dmm	fallback	库内有片；厂牌署名不明，归入其他有码兜底（用户确认：不删）
japan_censored	日本有码	SIVR	S1 NO.1 STYLE / 第一风格	S1 NO.1 STYLE / 第一风格	エスワン ナンバーワンスタイル	std3_dmm	active	VR · 本地库确认
japan_censored	日本有码	SKMJ	Sekimen Joshi / 赤面女子		赤面女子	std3_dmm	active	片商表/ranges/DMM/权威站
japan_censored	日本有码	SKTH	AKNR / 明纪		アキノリ	std3_dmm	active	权威站:javbus
japan_censored	日本有码	SMA	Marx Brothers / マルクス兄弟	Marx Brothers	マルクス兄弟	std3_dmm	active	本地库确认
japan_censored	日本有码	SMD	Other Censored / 其他有码	Other Censored / 其他有码	その他有码	std3_dmm	fallback	库内有片；厂牌署名不明，归入其他有码兜底（用户确认：不删）
japan_censored	日本有码	SNIS	S1 NO.1 STYLE / 第一风格	S1 NO.1 STYLE / 第一风格	エスワン ナンバーワンスタイル	std3_open	active	历史主线 · 本地库确认
japan_censored	日本有码	SNOS	S1 NO.1 STYLE / 第一风格	S1 NO.1 STYLE / 第一风格	エスワン ナンバーワンスタイル	std3_dmm	active	高规格/4K 旁支 · 权威站:javbus · 本地库确认 · 色花堂有码列表×16
japan_censored	日本有码	SODS	SOD Create / SOD制作	SOD Create / SOD制作	SODクリエイト	std3_dmm	active	权威站:mgstage · 自素人数字头107SODS迁入
japan_censored	日本有码	SODVR	SODクリエイト		SODクリエイト	std3_dmm	active	历史扩前缀 movieCount=10
japan_censored	日本有码	SOE	S1 NO.1 STYLE / 第一风格	S1 NO.1 STYLE / 第一风格	エスワン ナンバーワンスタイル	std3_open	active	早期主线 · 本地库确认
japan_censored	日本有码	SONE	S1 NO.1 STYLE / 第一风格	S1 NO.1 STYLE / 第一风格	エスワン ナンバーワンスタイル	std3_open	active	现行主线 · 本地库确认
japan_censored	日本有码	SORA	Yama to Sora / 山与空	山与空	山と空	std3_dmm	active	主线 · 本地库确认
japan_censored	日本有码	SPIVR	SPICY VR / 辣味VR	SPICY VR / 辣味VR	スパイシーVR	std3_dmm	active	权威站:mgstage · 自素人数字头554SPIVR迁入 · maker 修正为 SPICY VR（原误挂 Sadistic Village）；商业 VR 留有码
japan_censored	日本有码	SPLY	SODクリエイト		SODクリエイト	std3_dmm	active	历史扩前缀 movieCount=23
japan_censored	日本有码	SPND	Other Censored / 其他有码	Other Censored / 其他有码	その他有码	std3_dmm	fallback	库内有片；厂牌署名不明，归入其他有码兜底（用户确认：不删）
japan_censored	日本有码	SPRD	Takara Eizou / タカラ映像	Takara Eizou	タカラ映像	std3_dmm	active	经典熟女 · 本地库确认
japan_censored	日本有码	SPS	S1 NO.1 STYLE / 第一风格	S1 NO.1 STYLE / 第一风格	エスワン ナンバーワンスタイル	std3_dmm	active	少量旁支 · 本地库确认
japan_censored	日本有码	SPZ	ネクスト		ネクスト	std3_dmm	active	本地库高频确认(≥100帖) · 用户确认
japan_censored	日本有码	SRXV	MAX-A / 麦克斯	MAX-A / 麦克斯	マックスエー	std3_dmm	active	本地库确认
japan_censored	日本有码	SSHN	SODクリエイト		SODクリエイト	std3_dmm	active	历史扩前缀 movieCount=13
japan_censored	日本有码	SSIS	S1 NO.1 STYLE / 第一风格	S1 NO.1 STYLE / 第一风格	エスワン ナンバーワンスタイル	std3_open	active	上一代主线 · 本地库确认
japan_censored	日本有码	SSNI	S1 NO.1 STYLE / 第一风格	S1 NO.1 STYLE / 第一风格	エスワン ナンバーワンスタイル	std3_open	active	更早主线 · 本地库确认
japan_censored	日本有码	SSPD	Attackers / 攻击者	Attackers / 攻击者	アタッカーズ	std3_dmm	active	特别企划 · 本地库确认
japan_censored	日本有码	STAR	SOD Create / SOD制作	SOD Create / SOD制作	SODクリエイト	std3_dmm	active	更早专属 · 本地库确认
japan_censored	日本有码	STARS	SOD Create / SOD制作	SOD Create / SOD制作	SODクリエイト	std3_open	active	专属主线 · 本地库确认
japan_censored	日本有码	START	SOD Create / SOD制作	SOD Create / SOD制作	SODクリエイト	std3_open	active	近年新线 · 本地库确认
japan_censored	日本有码	STKO	SODクリエイト		SODクリエイト	std3_dmm	active	历史扩前缀 movieCount=22
japan_censored	日本有码	STZY	SODクリエイト		SODクリエイト	std3_dmm	active	历史扩前缀 movieCount=12
japan_censored	日本有码	SUJI	姦乱者/妄想族		姦乱者/妄想族	std3_dmm	active	本地库高频确认(≥100帖)
japan_censored	日本有码	SUPD	IDEA POCKET / アイデアポケット	Idea Pocket	アイデアポケット	std3_dmm	active	Digital Channel · 本地库确认
japan_censored	日本有码	SUWK	SODクリエイト		SODクリエイト	std3_dmm	active	历史扩前缀 movieCount=24
japan_censored	日本有码	SVDVD	Sadistic Village / サディスティックヴィレッジ	Sadistic Village	サディスティックヴィレッジ	std3_dmm	active	本地库确认
japan_censored	日本有码	SVVRT	Sadistic Village / サディスティックヴィレッジ	Sadistic Village	サディスティックヴィレッジ	std3_dmm	active	权威站:javbus · 本地库确认 · 色花堂有码列表×3
japan_censored	日本有码	SW	AKNR / 明纪	AKNR / 明纪	アキノリ	std3_dmm	active	系列旁支 · 权威站:javbus · 本地库确认
japan_censored	日本有码	SYBI	SODクリエイト		SODクリエイト	std3_dmm	active	历史扩前缀 movieCount=12
japan_censored	日本有码	SYKH	有閑ミセス/エマニエル		有閑ミセス/エマニエル	std3_dmm	active	本地库高频确认(≥100帖)
japan_censored	日本有码	T28	TMA		TMA	std3_dmm	active	本地库高频确认(≥100帖) · 用户确认
japan_censored	日本有码	TCD	T-Club / 变性俱乐部		トランスクラブ	std3_dmm	active	色花堂有码列表×1 · DMM确认
japan_censored	日本有码	TDT	PRESTIGE / 普雷斯提奇	PRESTIGE / 普雷斯提奇	プレステージ	std3_dmm	active	本地库确认
japan_censored	日本有码	TEAM	Other Censored / 其他有码	Other Censored / 其他有码	その他有码	std3_dmm	fallback	库内有片；厂牌署名不明，归入其他有码兜底（用户确认：不删）
japan_censored	日本有码	TEK	Muteki / ミュートキ	Muteki	ミュートキ	std3_dmm	active	艺能人出道 · 本地库确认
japan_censored	日本有码	TENC	SODクリエイト		SODクリエイト	std3_dmm	active	历史扩前缀 movieCount=23
japan_censored	日本有码	TG	Other Censored / 其他有码	Other Censored / 其他有码	その他有码	std3_dmm	fallback	库内有片；厂牌署名不明，归入其他有码兜底（用户确认：不删）
japan_censored	日本有码	TIGR	SODクリエイト		SODクリエイト	std3_dmm	active	历史扩前缀 movieCount=16
japan_censored	日本有码	TIKB	チキチキカマー/妄想族		チキチキカマー/妄想族	std3_dmm	active	本地库高频确认(≥100帖)
japan_censored	日本有码	TPPN	TEPPAN / テッパン	TEPPAN	テッパン	std3_dmm	active	鉄板主线 · 本地库确认
japan_censored	日本有码	TRE	PRESTIGE / 普雷斯提奇	PRESTIGE / 普雷斯提奇	プレステージ	std3_dmm	active	本地库确认
japan_censored	日本有码	TYOD	乱丸		乱丸	std3_dmm	active	本地库高频确认(≥100帖)
japan_censored	日本有码	ULT	DOC		DOC	std3_dmm	active	本地库高频确认(≥100帖)
japan_censored	日本有码	UMAN	Other Censored / 其他有码	Other Censored / 其他有码	その他有码	std3_dmm	fallback	库内有片；厂牌署名不明，归入其他有码兜底（用户确认：不删）
japan_censored	日本有码	UMD	LEO / レオ	LEO	レオ	std3_dmm	active	公开商品页 maker=LEO · 本地库确认
japan_censored	日本有码	URE	Madonna / 麦当娜	Madonna / 麦当娜	マドンナ	std3_dmm	active	漫画改编 · 本地库确认
japan_censored	日本有码	URKK	unfinished		unfinished	std3_dmm	active	本地库高频确认(≥100帖)
japan_censored	日本有码	URVRSP	PRESTIGE / 普雷斯提奇	PRESTIGE / 普雷斯提奇	プレステージ	std3_dmm	active	VR 企划 · 本地库确认
japan_censored	日本有码	USAG	Other Censored / 其他有码	Other Censored / 其他有码	その他有码	std3_dmm	fallback	库内有片；厂牌署名不明，归入其他有码兜底（用户确认：不删）
japan_censored	日本有码	VAGU	Venus / 维纳斯	Venus / 维纳斯	ヴィーナス	std3_dmm	active	旁支 · 本地库确认
japan_censored	日本有码	VDD	Dream Ticket / ドリームチケット	Dream Ticket	ドリームチケット	std3_dmm	active	本地库确认
japan_censored	日本有码	VEC	Venus / 维纳斯	Venus / 维纳斯	ヴィーナス	std3_open	active	短号系列 · 本地库确认
japan_censored	日本有码	VEMA	Venus / 维纳斯	Venus / 维纳斯	ヴィーナス	std3_dmm	active	旁支 · 本地库确认
japan_censored	日本有码	VENU	Venus / 维纳斯	Venus / 维纳斯	ヴィーナス	std3_dmm	active	经典主线 · 本地库确认
japan_censored	日本有码	VENX	Venus / 维纳斯	Venus / 维纳斯	ヴィーナス	std3_open	active	现行更常见 · 本地库确认
japan_censored	日本有码	VENZ	VENUS		VENUS	std3_dmm	active	本地库高频确认(≥100帖)
japan_censored	日本有码	VICD	V&R PRODUCE / ブイアンドアールプロデュース	V&R PRODUCE	ブイアンドアールプロデュース	std3_dmm	active	本地库确认
japan_censored	日本有码	VNDS	V&R PRODUCE / ブイアンドアールプロデュース	V&R PRODUCE	ブイアンドアールプロデュース	std3_dmm	active	本地库确认
japan_censored	日本有码	VRKM	V&R PRODUCE / ブイアンドアールプロデュース	V&R PRODUCE	ブイアンドアールプロデュース	std3_dmm	active	本地库确认
japan_censored	日本有码	VRTM	V&R PRODUCE / ブイアンドアールプロデュース	V&R PRODUCE	ブイアンドアールプロデュース	std3_dmm	active	本地库确认
japan_censored	日本有码	WAAA	WANZ FACTORY / 顽姿	WANZ FACTORY / 顽姿	ワンズファクトリー	std3_open	active	现行主线 · 本地库确认
japan_censored	日本有码	WANZ	WANZ FACTORY / 顽姿	WANZ FACTORY / 顽姿	ワンズファクトリー	std3_dmm	active	较早同名线 · 本地库确认
japan_censored	日本有码	WNZ	ワンズファクトリー		ワンズファクトリー	std3_dmm	active	本地库高频确认(≥100帖) · 旧番号 · 用户确认
japan_censored	日本有码	XRW	REAL / レアル	REAL	レアル	std3_dmm	active	现行多见 · 本地库确认
japan_censored	日本有码	XV	MAX-A / 麦克斯	MAX-A / 麦克斯	マックスエー	std3_dmm	active	更早 Karen 线 系列号 · 本地库确认
japan_censored	日本有码	XVSR	MAX-A / 麦克斯	MAX-A / 麦克斯	マックスエー	std3_dmm	active	本地库确认
japan_censored	日本有码	YDNS	Other Censored / 其他有码	Other Censored / 其他有码	その他有码	std3_dmm	fallback	库内有片；厂牌署名不明，归入其他有码兜底（用户确认：不删）
japan_censored	日本有码	YM	Other Censored / 其他有码	Other Censored / 其他有码	その他有码	std3_dmm	fallback	库内有片；厂牌署名不明，归入其他有码兜底（用户确认：不删）
japan_censored	日本有码	YMDD	Momotaro / 桃太郎映像	Momotaro / 桃太郎映像	桃太郎映像出版	std3_dmm	active	常见主线 · 本地库确认
japan_censored	日本有码	YMDS	桃太郎映像出版		桃太郎映像出版	std3_dmm	active	本地库高频确认(≥100帖)
japan_censored	日本有码	YRH	PRESTIGE / 普雷斯提奇	PRESTIGE / 普雷斯提奇	プレステージ	std3_dmm	active	本地库确认
japan_censored	日本有码	YRZ	PRESTIGE / 普雷斯提奇	PRESTIGE / 普雷斯提奇	プレステージ	std3_dmm	active	本地库确认
japan_censored	日本有码	YSN	Momotaro / 桃太郎映像	Momotaro / 桃太郎映像	桃太郎映像出版	std3_dmm	active	常见主线 · 本地库确认
japan_censored	日本有码	YUJ	アタッカーズ		アタッカーズ	std3_dmm	active	本地库高频确认(≥100帖)
japan_censored	日本有码	ZUKO	ズッコン/バッコン		ズッコン/バッコン	std3_dmm	active	本地库高频确认(≥100帖)
japan_uncensored	日本无码	10MU	10musume / 天然少女	天然少女	天然むすめ	date6	active	10musume · 权威站:javbus+carib · 本地库确认 · 色花堂论坛子分类:亚洲无码原创/10musu
japan_uncensored	日本无码	10MUSUME	10musume / 天然少女		天然むすめ	date6	active	色花堂板块分类
japan_uncensored	日本无码	1PON	1pondo / 一本道	一本道	一本道	date6	active	日期番号 · 权威站:javbus+carib · 本地库确认 · 色花堂论坛子分类:亚洲无码原创/一本道系
japan_uncensored	日本无码	C0930	C0930 / 人妻0930	人妻0930	人妻斬り/C0930	alnum	active	C0930-hitozuma… · 权威站:javbus+carib · 本地库确认
japan_uncensored	日本无码	CARIB	Caribbeancom / 加勒比	加勒比	カリビアンコム	date6	active	日期番号 YYYYMMDD-XXX · 权威站:javbus+carib · 本地库确认 · 色花堂论坛子分类:亚洲无码原创/加勒比系
japan_uncensored	日本无码	CARIBPR	Caribbeancom Premium / 加勒比Premium	加勒比Premium	カリビアンコムプレミアム	date6	active	Premium，库内较少 · 权威站:javbus+carib · 本地库确认 · 色花堂论坛子分类:亚洲无码原创/加勒比PPV
japan_uncensored	日本无码	CWPBD	Caribbeancom Premium	加勒比Premium	カリビアンコムプレミアム	std3_dmm	active	本地库高频确认(≥100帖) · 无码BD · 用户确认 · 2026-09-18 从有码迁至无码
japan_uncensored	日本无码	FELLATIOJAPAN	Fellatio Japan / フェラチオジャパン	Fellatio Japan	フェラチオジャパン	std3_dmm	active	色花堂板块分类 · 色花堂论坛子分类:亚洲无码原创/fellatiojapan
japan_uncensored	日本无码	H0930	H0930 / 好色0930	好色0930	エッチな0930	alnum	active	H0930-ki日期 · 本地库确认
japan_uncensored	日本无码	H4610	H4610 / 好色4610	好色4610	エッチな4610	alnum	active	H4610-… · 权威站:javbus+carib · 本地库确认
japan_uncensored	日本无码	HANDJOBJAPAN	Handjob Japan / ハンドジョブジャパン	Handjob Japan	ハンドジョブジャパン	std3_dmm	active	色花堂板块分类 · 色花堂论坛子分类:亚洲无码原创/handjobjapan
japan_uncensored	日本无码	HEYDOUGA	Heydouga / 嘿动画	Heydouga / 嘿动画	ヘイ動画	std3_dmm	active	有货、量中等 · 本地库确认
japan_uncensored	日本无码	HEYZO	HEYZO / ヘイゾー	HEYZO	ヘイゾー	std4	active	HEYZO-四位 · 权威站:javbus+carib · 本地库确认 · 色花堂论坛子分类:亚洲无码原创/HEYZO
japan_uncensored	日本无码	JAPORNXXX	JapornXXX / 日产无码	JapornXXX / 日产无码	ジャポルノ	std3_dmm	active	色花堂板块分类 · 色花堂论坛子分类:亚洲无码原创/japornxxx
japan_uncensored	日本无码	KIN8	Kin8tengoku / 金8天国	金8天国	金髪天国	std4	active	kin8-四位 · 权威站:javbus+carib · 本地库确认 · 色花堂论坛子分类:亚洲无码原创/金髪天國
japan_uncensored	日本无码	LAFBD	LAFBD	LaForet无码	LAFBD	std3_dmm	active	本地库高频确认(≥100帖) · 无码HD · 用户确认 · 2026-09-18 从有码迁至无码
japan_uncensored	日本无码	LEGSJAPAN	Legs Japan / レッグスジャパン	Legs Japan	レッグスジャパン	std3_dmm	active	色花堂板块分类 · 色花堂论坛子分类:亚洲无码原创/legsjapan
japan_uncensored	日本无码	NYOSHIN	Nyoshin / 女体神秘	女体神秘	女体のしんぴ	std3_dmm	active	色花堂论坛子分类:亚洲无码原创/女体のしんぴ
japan_uncensored	日本无码	PACO	Pacopacomama / 啪啪妈妈	啪啪妈妈	パコパコママ	date6	active	pacoma 系 · 权威站:javbus+carib · 本地库确认 · 色花堂论坛子分类:亚洲无码原创/pacoma
japan_uncensored	日本无码	PACOMA	Pacopacomama / 啪啪妈妈		パコパコママ	std3_dmm	active	色花堂板块分类
japan_uncensored	日本无码	RHJ	Red Hot Jam / レッドホットジャム	Red Hot Jam	レッドホットジャム	std3_dmm	active	极少 · 本地库确认
japan_uncensored	日本无码	ROSELIP	Rose Lip / ローゼリップ	Rose Lip	ローゼリップ	std3_dmm	active	色花堂论坛子分类:亚洲无码原创/roselip-fetish
japan_uncensored	日本无码	ROSELIPFETISH	Rose Lip Fetish / ローゼリップフェティシ		ローゼリップフェティシ	std3_dmm	active	色花堂板块分类
japan_uncensored	日本无码	SMMIRACLE	SM-Miracle / SM奇迹	SM-Miracle / SM奇迹	SM-miracle	std3_dmm	active	色花堂板块分类 · 色花堂论坛子分类:亚洲无码原创/sm-miracle
japan_uncensored	日本无码	SPERMMANIA	Sperm Mania / スペルママニア	Sperm Mania	スペルママニア	std3_dmm	active	spermmania · 本地库确认 · 色花堂论坛子分类:亚洲无码原创/spermmania
japan_uncensored	日本无码	URABUKKAKE	Ura Bukkake / ウラブッカケ	Ura Bukkake	ウラブッカケ	std3_dmm	active	色花堂板块分类 · 色花堂论坛子分类:亚洲无码原创/urabukkake
japan_uncensored	日本无码	URALESBIAN	Ura Lesbian / ウラレズビアン	Ura Lesbian	ウラレズビアン	std3_dmm	active	色花堂板块分类 · 色花堂论坛子分类:亚洲无码原创/uralesbian
japan_uncensored	日本无码	XXXAV	XXX-AV / 解禁AV	XXX-AV / 解禁AV	XXX-AV	std4	active	xxx-av-五位 · 本地库确认 · 色花堂论坛子分类:亚洲无码原创/xxx-av
japan_amateur	日本素人	083PPP	パラダイステレビ		パラダイステレビ	std4	active	本地库高频确认(≥100帖) · 素人/熟女企画 · 用户确认
japan_amateur	日本素人	109IENFH	IENFH（MGS素人）		IENFH	std4	active	本地库高频确认(≥100帖) · MGS素人配信 · 用户确认
japan_amateur	日本素人	200GANA	Nanpa TV / ナンパTV	Nanpa TV	ナンパTV	amateur4	active	ナンパTV マジ軟派 · 权威站:mgstage · 本地库确认 · 色花堂论坛子分类:素人有码系列/200GANA
japan_amateur	日本素人	210AKO	A子さん		A子さん	std4	active	本地库高频确认(≥100帖) · 素人ハメ撮り配信 · 用户确认
japan_amateur	日本素人	229SCUTE	S-Cute		S-CUTE	amateur4	active	本地库高频确认(≥100帖) · 美少女自然体ハメ撮り · 用户确认
japan_amateur	日本素人	230OREC	俺の素人-Z-		俺の素人-Z-	std4	active	本地库高频确认(≥100帖) · 俺の素人系列 · 用户确认
japan_amateur	日本素人	230ORECO	Ore no Shirouto / 俺的素人	Ore no Shirouto / 俺的素人	俺の素人	std3_dmm	active	本地库确认
japan_amateur	日本素人	230OREMO	俺の素人-Z-		俺の素人-Z-	std4	active	本地库高频确认(≥100帖) · 俺の素人系列 · 用户确认
japan_amateur	日本素人	230ORETD	俺の素人-Z-		俺の素人-Z-	std4	active	本地库高频确认(≥100帖) · 俺の素人系列 · 用户确认
japan_amateur	日本素人	230OREX	Ore no Shirouto / 俺的素人	俺的素人	俺の素人Z	amateur4	active	俺の素人 · 本地库确认 · 色花堂论坛子分类:素人有码系列/230OREX
japan_amateur	日本素人	259LUXU	Luxu TV / ラグジュTV	Luxury TV	ラグジュTV	amateur4	active	ラグジュTV · 权威站:mgstage · 本地库确认 · 色花堂论坛子分类:素人有码系列/259LUXU
japan_amateur	日本素人	261ARA	ARA（募集ちゃん）		ARA	amateur4	active	本地库高频确认(≥100帖) · 募集ちゃん系列 · 用户确认
japan_amateur	日本素人	277DCV	ドキュメンTV		ドキュメンTV	amateur4	active	本地库高频确认(≥100帖) · 家まで送ってイイですか？ · 用户确认
japan_amateur	日本素人	285ENDX	E★ナンパDX		E★ナンパDX	std4	active	本地库高频确认(≥100帖) · 素人ナンパ · 用户确认
japan_amateur	日本素人	292MY	舞ワイフ		舞ワイフ	std4	active	本地库高频确认(≥100帖) · 人妻素人 · 用户确认
japan_amateur	日本素人	299EWDX	E★人妻DX		E★人妻DX	std4	active	本地库高频确认(≥100帖) · 人妻素人 · 用户确认
japan_amateur	日本素人	300MAAN	Maji Nanpa / 真面目软派	真面目软派	マジ軟派、初撮。	amateur4	active	Prestige Premium 素人约拍 · 本地库确认 · 色花堂论坛子分类:素人有码系列/300MAAN
japan_amateur	日本素人	300MIUM	Prestige Premium / プレステージプレミアム	Prestige Premium	プレステージプレミアム	amateur4	active	Prestige Premium 都市约拍 · 权威站:mgstage · 本地库确认 · 色花堂论坛子分类:素人有码系列/300MIUM · 色花堂有码列表×2
japan_amateur	日本素人	300NTK	Nanpa Tengoku / Nanpa天国	Nanpa天国	ナンパ天国	amateur4	active	Prestige Premium ナンパ系 · 权威站:mgstage · 本地库确认 · 色花堂论坛子分类:素人有码系列/300NTK
japan_amateur	日本素人	318LADY	LadyHunter		LadyHunter	std4	active	本地库高频确认(≥100帖) · 素人ナンパ · 用户确认
japan_amateur	日本素人	324SRTD	投稿マーケット素人イッてQ		投稿マーケット素人イッてQ	std4	active	本地库高频确认(≥100帖) · 投稿素人 · 用户确认
japan_amateur	日本素人	326EVA	Amateur Kikaku / 素人企划	Amateur / 素人企划	素人企画	std3_dmm	active	Prestige Premium · 本地库确认 · 色花堂论坛子分类:素人有码系列/326EVA
japan_amateur	日本素人	326FCT	黒船		黒船	std4	active	本地库高频确认(≥100帖) · 素人ドキュメント · 用户确认
japan_amateur	日本素人	326SCP	Amateur Kikaku / 素人企划	Amateur / 素人企划	素人企画	std3_dmm	active	Prestige Premium · 本地库确认 · 色花堂论坛子分类:素人有码系列/326SCP
japan_amateur	日本素人	328HMDN	Hamedori / ハメ撮り	ハメ撮り	ハメ撮りナンパ	std3_dmm	active	Prestige Premium · 本地库确认 · 色花堂论坛子分类:素人有码系列/328HMDN
japan_amateur	日本素人	332NAMA	Amateur Kikaku / 素人企划	Amateur / 素人企划	素人企画	std3_dmm	active	Prestige Premium · 权威站:mgstage · 本地库确认 · 色花堂论坛子分类:素人有码系列/332NAMA
japan_amateur	日本素人	336KNB	Koi no Bo / 恋慕	恋慕	恋慕	std3_dmm	active	ナンパ系 KNB 流水号 · 本地库确认 · 色花堂论坛子分类:素人有码系列/336KNB
japan_amateur	日本素人	345SIMM	しろうとまんまん		しろうとまんまん	std4	active	本地库高频确认(≥100帖) · DOC相关素人 · 用户确认
japan_amateur	日本素人	348NTR	NTR.net		NTR.net	std4	active	本地库高频确认(≥100帖) · NTR主题素人 · 用户确认
japan_amateur	日本素人	355OPCYN	おっぱいちゃん		おっぱいちゃん	std4	active	本地库高频确认(≥100帖) · MGS素人 · 用户确认
japan_amateur	日本素人	390JAC	Jackson / 杰克逊	Jackson / 杰克逊	ジャクソン	amateur4	active	Prestige Premium · 本地库确认 · 色花堂论坛子分类:素人有码系列/390JAC
japan_amateur	日本素人	413INST	いんすた		いんすた	std4	active	本地库高频确认(≥100帖) · HMN WORKS · 用户确认
japan_amateur	日本素人	413INSTC	いんすた		いんすた	std4	active	本地库高频确认(≥100帖) · HMN WORKS · 用户确认
japan_amateur	日本素人	413INSTV	いんすた		いんすた	std4	active	本地库高频确认(≥100帖) · HMN WORKS · 用户确认
japan_amateur	日本素人	420HOI	素人ホイホイZ		素人ホイホイZ	std4	active	本地库高频确认(≥100帖) · 用户确认
japan_amateur	日本素人	435MFC	MOON FORCE		MOON FORCE	std4	active	本地库高频确认(≥100帖) · FANZA素人 · 用户确认
japan_amateur	日本素人	491TKWA	ときわ映像		ときわ映像	std4	active	本地库高频确认(≥100帖) · MGS素人 · 用户确认
japan_amateur	日本素人	494SIKA	白完素人		白完素人	std4	active	本地库高频确认(≥100帖) · FANZA素人 · 用户确认
japan_amateur	日本素人	534IND	インディ		インディ	std4	active	本地库高频确认(≥100帖) · MGS素人 · 用户确认
japan_amateur	日本素人	594PRGO	ペロンゲリオン		ペロンゲリオン	std4	active	本地库高频确认(≥100帖) · 用户确认
japan_amateur	日本素人	765ORECS	俺の素人-Z- SECOND IMPACT		俺の素人-Z- SECOND IMPACT	std4	active	本地库高频确认(≥100帖) · 用户确认
japan_amateur	日本素人	ARA	261ARA / 募集酱	募集酱	募集ちゃん	amateur4	active	募集ちゃん · 本地库确认
japan_amateur	日本素人	ARSO	Around		Around	std3_dmm	active	本地库高频确认(≥100帖) · 舞ワイフ・セレブ系 · 用户确认 · 2026-09-18 按行业定位迁至素人
japan_amateur	日本素人	BEAF	あいすまん		あいすまん	std3_dmm	active	本地库高频确认(≥100帖) · 素人個撮 · 用户确认 · 2026-09-18 从有码迁至素人
japan_amateur	日本素人	DCV	Amateur Kikaku / 素人企划	Amateur / 素人企划	素人企画	amateur4	active	家まで送ってイイですか · 本地库确认
japan_amateur	日本素人	DSAM	独占素人		独占素人	std3_dmm	active	本地库高频确认(≥100帖) · 2026-09-18 从有码迁至素人
japan_amateur	日本素人	EROFV	エロVR		エロVR	std3_dmm	active	本地库高频确认(≥100帖) · VR素人 · 用户确认 · 2026-09-18 从有码迁至素人
japan_amateur	日本素人	GANA	Nanpa TV / ナンパTV	Nanpa TV	ナンパTV	amateur4	active	200GANA 简写 · 本地库确认
japan_amateur	日本素人	GAREA	G-area / G区	G-area / G区	ジーエリア	std3_dmm	active	色花堂板块分类 · 色花堂论坛子分类:素人有码系列/G-area
japan_amateur	日本素人	HIMEMIX	himemix / 姬混	Hime Mix / 姬混	ひめみっくす	std3_dmm	active	色花堂板块分类 · 色花堂论坛子分类:素人有码系列/himemix
japan_amateur	日本素人	IENFH	IENFH（MGS素人）	IENFH / MGS素人	IENFH	std3_dmm	active	本地库高频确认(≥100帖) · MGS素人短号；maker 原误标アイエナジー · 2026-09-18 从有码迁至素人
japan_amateur	日本素人	KDMN	First Star / けだもの	First Star / 野兽	ファーストスター / けだもの	std3_dmm	active	权威站:mgstage · 自素人数字头201KDMN迁入 · maker 修正为 First Star けだもの；伪素人/MGS 配信定位迁至素人
japan_amateur	日本素人	KFNE	Kurofune / 黒船	黒船 / Prestige	黒船	std3_dmm	active	权威站:mgstage · 自素人数字头326KFNE迁入 · maker 修正为黒船（Prestige）；ナンパ素人定位迁至素人
japan_amateur	日本素人	KITAIKE	北池袋		北池袋	std3_dmm	active	本地库高频确认(≥100帖) · 素人ハメ撮り · 用户确认 · 2026-09-18 从有码迁至素人
japan_amateur	日本素人	KNB	Koi no Bo / 恋慕	恋慕	恋慕	std3_dmm	active	ナンパ系 · 本地库确认
japan_amateur	日本素人	LUXU	ラグジュTV		ラグジュTV	amateur4	active	本地库高频确认(≥100帖) · MGS配信 · 用户确认 · 2026-09-18 从有码迁至素人
japan_amateur	日本素人	MAAN	Maji Nanpa / 真面目软派	真面目软派	マジ軟派、初撮。	amateur4	active	300MAAN 简写 · 权威站:mgstage · 本地库确认 · 色花堂有码列表×1
japan_amateur	日本素人	MFCS	MOON FORCE 2nd		MOON FORCE 2nd	std3_dmm	active	本地库高频确认(≥100帖) · FANZA素人 · 用户确认 · 2026-09-18 从有码迁至素人
japan_amateur	日本素人	MIUM	Prestige Premium / プレステージプレミアム	Prestige Premium	プレステージプレミアム	amateur4	active	300MIUM 简写 · 本地库确认
japan_amateur	日本素人	MYWIFE	Mywife / 舞Wife	舞Wife	舞ワイフ	amateur4	active	Mywife · 本地库确认 · 色花堂论坛子分类:素人有码系列/Mywife
japan_amateur	日本素人	NAMH	DOC / ドック	DOC	ドック	amateur4	active	本地库确认 · 2026-09-18 按行业定位迁至素人
japan_amateur	日本素人	NNPJ	Nanpa JAPAN / ナンパJAPAN		ナンパJAPAN	std3_dmm	active	片商表/ranges/DMM/权威站 · 2026-09-18 按行业定位迁至素人
japan_amateur	日本素人	NPJS	Nanpa JAPAN / ナンパJAPAN		ナンパJAPAN	std3_dmm	active	片商表/ranges/DMM/权威站 · 2026-09-18 按行业定位迁至素人
japan_amateur	日本素人	OKB	親父の個撮		親父の個撮	std3_dmm	active	本地库高频确认(≥100帖) · 2026-09-18 个撮定位迁至素人
japan_amateur	日本素人	ORECO	Ore no Shirouto / 俺的素人	俺的素人	俺の素人	std3_dmm	active	本地库确认
japan_amateur	日本素人	ORECS	Ore no Shirouto / 俺的素人	俺的素人	俺の素人	std3_dmm	active	本地库确认
japan_amateur	日本素人	ORECZ	Ore no Shirouto / 俺的素人	俺的素人	俺の素人	std3_dmm	active	本地库确认
japan_amateur	日本素人	RFILE	r-file / R档案	R-file / R档案	アールファイル	std4	active	色花堂板块分类 · 色花堂论坛子分类:素人有码系列/r-file
japan_amateur	日本素人	SABA	Amateur Kikaku / 素人企划		素人企画	std3_dmm	active	片商表/ranges/DMM/权威站 · 2026-09-18 从有码迁至素人
japan_amateur	日本素人	SAMA	素人企划			std3_dmm	active	S级素人 · 本地库确认
japan_amateur	日本素人	SCUTE	S-Cute			amateur4	active	S-cute · 本地库确认 · 色花堂论坛子分类:素人有码系列/S-cute
japan_amateur	日本素人	SDNM	SOD Create / SOD制作	SOD Create / SOD制作	SODクリエイト	std3_open	active	人妻素人纪实 · 本地库确认 · 2026-09-18 按行业定位迁至素人
japan_amateur	日本素人	SIRO	Shirouto TV / 素人TV	素人TV	シロウトTV	amateur4	active	シロウトTV · 权威站:mgstage · 本地库确认 · 色花堂论坛子分类:素人有码系列/SIRO · 色花堂有码列表×3
japan_amateur	日本素人	SIROHAME	Siro Hame / 白ハメ	白ハメ	しろハメ	std4	active	色花堂板块分类 · 色花堂论坛子分类:素人有码系列/siro-hame
japan_amateur	日本素人	SQTE	S-Cute			std3_dmm	active	本地库确认 · 2026-09-18 从有码迁至素人
japan_amateur	日本素人	SUKE	訳ありZ世代		訳ありZ世代	std3_dmm	active	本地库高频确认(≥100帖) · DOC系素人 · 用户确认 · 2026-09-18 从有码迁至素人
japan_amateur	日本素人	SUPA	Amateur Kikaku / 素人企划		素人企画	std3_dmm	active	片商表/ranges/DMM/权威站 · 2026-09-18 从有码迁至素人
fc2	FC2	FC2	FC2 / 同人平台	FC2 / 同人平台	FC2	fc2	active	本地库确认 · 色花堂论坛子分类:素人有码系列/FC2
fc2	FC2	FC2PPV	FC2-PPV	FC2-PPV / 付费同人	FC2-PPV	fc2ppv	active	本地库确认 · 色花堂论坛子分类:亚洲无码原创/FC2PPV
china	国产无码	91CM	91 Produce / 91制片厂	91 Produce / 91制片厂	91制片厂	std3_dmm	active	91制片厂 / 果冻传媒 · 本地库确认
china	国产无码	DA	Elephant Media / 大象传媒	Elephant / 大象传媒	大象傳媒	std3_dmm	active	大象传媒 · 本地库确认
china	国产无码	DOM	Other Chinese / 其他国产	Other Chinese / 其他国产	その他中国	std3_dmm	active	本地库确认
china	国产无码	EMX	Other Chinese / 其他国产	Other Chinese / 其他国产	その他中国	std3_dmm	active	本地库确认
china	国产无码	FSOG	Koukou Media / 扣扣传媒	Koukou / 扣扣传媒	扣扣傳媒	std3_dmm	active	扣扣传媒 · 本地库确认
china	国产无码	GDCM	Jelly Media / 果冻传媒	Jelly Media / 果冻传媒	果凍傳媒	std3_dmm	active	果冻传媒 · 本地库确认
china	国产无码	HKG	Star Unlimited / 星空无限	Xingkong / 星空无限	星空無限傳媒	std3_dmm	active	
china	国产无码	HPP	Lajiao Original / 辣椒原创	Lajiao / 辣椒原创	辣椒原創	std3_dmm	active	辣椒原创 · 本地库确认
china	国产无码	ID	Idol Media / 爱豆传媒	Idol Media / 爱豆传媒	愛豆傳媒	std3_dmm	active	爱豆传媒 · 本地库确认
china	国产无码	IDG	Other Chinese / 其他国产	Other Chinese / 其他国产	その他中国	std3_dmm	active	本地库确认
china	国产无码	JD	Jingdong / 精东影业	Jingdong / 精东影业	精東影業	std3_dmm	active	精东影业 · 本地库确认
china	国产无码	JDSY	Jingdong / 精东影业	Jingdong / 精东影业	精東影業	std3_dmm	active	精东影业 · 本地库确认
china	国产无码	JVID	JVID / 台湾写真	JVID / 台湾写真	ジェイヴィッド	std3_dmm	active	作者/作品 ID
china	国产无码	KCM	Other Chinese / 其他国产	Other Chinese / 其他国产	その他中国	std3_dmm	active	本地库确认
china	国产无码	LAA	Other Chinese / 其他国产	Other Chinese / 其他国产	その他中国	std3_dmm	active	本地库确认
china	国产无码	LLS	Lolita Club / 萝莉社	Lolita Club / 萝莉社	蘿莉社	std3_dmm	active	萝莉社 · 本地库确认
china	国产无码	LY	Absolute Territory / 绝对领域	Absolute Territory / 绝对领域	絶対領域	std3_dmm	active	绝对领域 · 本地库确认
china	国产无码	MAD	Madou Media / 麻豆传媒	Madou Media / 麻豆传媒	麻豆傳媒	std4	active	麻豆 / 麻豆爱豆 · 本地库确认
china	国产无码	MCY	Other Chinese / 其他国产	Other Chinese / 其他国产	その他中国	std3_dmm	active	本地库确认
china	国产无码	MD	Madou Media / 麻豆传媒	Madou Media / 麻豆传媒	麻豆傳媒	std4	active	麻豆传媒映画 · 权威站:missav+madou · 本地库确认
china	国产无码	MDCM	Madou Media / 麻豆传媒	Madou Media / 麻豆传媒	麻豆傳媒	std3_dmm	active	国风系列 · 本地库确认
china	国产无码	MDHG	Madou Media / 麻豆传媒	Madou Media / 麻豆传媒	麻豆傳媒	std3_dmm	active	麻豆传媒 · 本地库确认
china	国产无码	MDHT	Madou Media / 麻豆传媒	Madou Media / 麻豆传媒	麻豆傳媒	std3_dmm	active	奇淫旅社 · 本地库确认
china	国产无码	MDL	Madou Media / 麻豆传媒	Madou Media / 麻豆传媒	麻豆傳媒	std3_dmm	active	剧情长篇 · 本地库确认 · 【注意】与日本 MOODYZ 前缀撞车，请按 region 区分
china	国产无码	MDSR	Madou Media / 麻豆传媒	Madou Media / 麻豆传媒	麻豆傳媒	std4	active	剧情系列 · 权威站:missav+madou · 本地库确认
china	国产无码	MDWP	Madou Media / 麻豆传媒	Madou Media / 麻豆传媒	麻豆傳媒	std3_dmm	active	职场系列 · 权威站:missav+madou · 本地库确认
china	国产无码	MDX	Madou Media / 麻豆传媒	Madou Media / 麻豆传媒	麻豆傳媒	std4	active	麻豆传媒 · 本地库确认
china	国产无码	MKY	麻豆传媒			std4	active	本地库确认 · 【注意】与日本 MOODYZ 前缀撞车，请按 region 区分
china	国产无码	MMZ	Catclaw / 猫爪影像	Catclaw / 猫爪影像	貓爪影像	std3_dmm	active	猫爪影像 / 猫爪传媒 · 本地库确认
china	国产无码	MPG	Other Chinese / 其他国产	Other Chinese / 其他国产	その他中国	std3_dmm	active	本地库确认
china	国产无码	MSD	Catclaw / 猫爪影像	Catclaw / 猫爪影像	貓爪影像	std4	active	猫爪 / 麻豆署片均见 · 本地库确认
china	国产无码	MSG	Other Chinese / 其他国产	Other Chinese / 其他国产	その他中国	std3_dmm	active	本地库确认
china	国产无码	MTVQ	Other Chinese / 其他国产	Other Chinese / 其他国产	その他中国	std3_dmm	active	本地库确认
china	国产无码	MXJ	Other Chinese / 其他国产	Other Chinese / 其他国产	その他中国	std3_dmm	active	本地库确认
china	国产无码	PH	Sex Control / 色控传媒	Sex Control / 色控传媒	色控傳媒	std3_dmm	active	色控 / PsychoPorn · 本地库确认
china	国产无码	PM	Mitao Media / 蜜桃影像	Mitao / 蜜桃影像	蜜桃影像	std3_dmm	active	蜜桃影像 / 蜜桃传媒 · 本地库确认
china	国产无码	PMC	Mitao Media / 蜜桃影像	Mitao / 蜜桃影像	蜜桃影像	std4	active	蜜桃传媒 · 本地库确认
china	国产无码	PME	Mitao Media / 蜜桃影像	Mitao / 蜜桃影像	蜜桃影像	std3_dmm	active	蜜桃传媒 · 本地库确认
china	国产无码	PMS	Mitao Media / 蜜桃影像	Mitao / 蜜桃影像	蜜桃影像	std3_dmm	active	蜜桃传媒 · 本地库确认
china	国产无码	PMX	Mitao Media / 蜜桃影像	Mitao / 蜜桃影像	蜜桃影像	std3_dmm	active	蜜桃影像传媒 · 本地库确认
china	国产无码	QQOG	Koukou Media / 扣扣传媒	Koukou / 扣扣传媒	扣扣傳媒	std3_dmm	active	扣扣传媒 · 本地库确认
china	国产无码	RAS	Royal Chinese / 皇家华人	Royal Chinese / 皇家华人	皇家華人	std3_dmm	active	皇家华人 · 本地库确认
china	国产无码	SAT	Other Chinese / 其他国产	Other Chinese / 其他国产	その他中国	std3_dmm	active	本地库确认
china	国产无码	SZL	Three Wolves / 三只狼	Three Wolves / 三只狼	三隻狼	std3_dmm	active	三只狼 · 权威站:missav+madou · 本地库确认
china	国产无码	TM	Tianmei Media / 天美传媒	Tianmei / 天美传媒	天美傳媒	std3_dmm	active	天美传媒 · 本地库确认
china	国产无码	TMG	Other Chinese / 其他国产	Other Chinese / 其他国产	その他中国	std3_dmm	active	本地库确认
china	国产无码	TMW	Tianmei Media / 天美传媒	Tianmei / 天美传媒	天美傳媒	std4	active	天美传媒 · 本地库确认
china	国产无码	TMY	Tianmei Media / 天美传媒	Tianmei / 天美传媒	天美傳媒	std3_dmm	active	天美传媒 · 本地库确认
china	国产无码	TZ	Mr Rabbit / 兔子先生	Mr Rabbit / 兔子先生	兔子先生	std3_dmm	active	兔子先生 · 本地库确认
china	国产无码	XB	Xingba / 杏吧传媒	Xingba / 杏吧传媒	杏吧傳媒	std3_dmm	active	杏吧傳媒 · 本地库确认
china	国产无码	XJX	Banana Show / 香蕉秀	Banana Show / 香蕉秀	香蕉秀	std3_dmm	active	香蕉秀 · 本地库确认
china	国产无码	XK	Star Unlimited / 星空无限	Star Unlimited / 星空无限	星空無限傳媒	std3_dmm	active	星空传媒 · 本地库确认
china	国产无码	XKG	Star Unlimited / 星空无限	Star Unlimited / 星空无限	星空無限傳媒	std3_dmm	active	星空无限传媒 · 本地库确认
china	国产无码	XKKY	Star Unlimited / 星空无限	Star Unlimited / 星空无限	星空無限傳媒	std3_dmm	active	星空传媒 · 本地库确认
china	国产无码	XKTC	Star Unlimited / 星空无限	Star Unlimited / 星空无限	星空無限傳媒	std3_dmm	active	星空传媒 · 本地库确认
china	国产无码	XKVP	Star Unlimited / 星空无限	Star Unlimited / 星空无限	星空無限傳媒	std3_dmm	active	星空无限传媒 · 本地库确认
china	国产无码	XSJ	Qidian Media / 起点传媒	Qidian / 起点传媒	起點傳媒	std3_dmm	active	起点传媒（如《奇淫三国》） · 本地库确认
china	国产无码	XSJKY	Sex Vision / 性视界	Sex Vision / 性视界	性視界傳媒	std3_dmm	active	性视界传媒 · 本地库确认
china	国产无码	YCM	91 Produce / 91制片厂	91 Produce / 91制片厂	91制片厂	std3_dmm	active	91制片厂 · 本地库确认
western	欧美无码	ADULTTIME	Adult Time / 成人时间	Adult Time / 成人时间	アダルトタイム	western_date	active	Adult Time · 本地库确认
western	欧美无码	ANALVIDS	Anal Vids / 肛门视频	Anal Vids / 肛门视频	アナルvids	western_date	active	本地库确认
western	欧美无码	BANGBROS	Bang Bros / 砰兄弟	Bang Bros / 砰兄弟	バングブロス	western_date	active	Bang Bros 主站 · 权威站:missav · 本地库确认
western	欧美无码	BANGBUS	Bang Bus / 砰兄弟	Bang Bros / 砰兄弟	バングブロス	western_date	active	Bang Bus 系列 · 本地库确认
western	欧美无码	BLACKED	Blacked / 黑蚀	Blacked / 黑蚀	ブラックド	western_date	active	权威站:missav · 本地库确认
western	欧美无码	BLACKEDRAW	Blacked Raw / 黑蚀生	Blacked Raw / 黑蚀生	ブラックドロー	western_date	active	Blacked Raw · 本地库确认
western	欧美无码	BRATTYSIS	Bratty Sis / 顽皮姐妹	Bratty Sis / 顽皮姐妹	ブラッティシス	western_date	active	本地库确认
western	欧美无码	BRAZZERS	Brazzers / 布拉泽斯	Brazzers / 布拉泽斯	ブラザーズ	western_date	active	站点片名；无统一字母流水 · 权威站:missav · 本地库确认
western	欧美无码	DEEPER	Deeper / 更深	Deeper / 更深	ディーパー	western_date	active	Deeper · 权威站:missav · 本地库确认
western	欧美无码	DIGITALPLAYGROUND	Digital Playground / 数字乐园		デジタルプレイグラウンド	western_date	active	本地库确认 · sehua=0 bit=0
western	欧美无码	DORCEL	Dorcel / 多塞尔	Dorcel / 多塞尔	ドーセル	western_date	active	Marc Dorcel · 本地库确认
western	欧美无码	DORCELCLUB	Dorcel Club / 多塞尔俱乐部	Dorcel Club / 多塞尔俱乐部	ドーセルクラブ	western_date	active	Dorcel Club · 本地库确认
western	欧美无码	ELEGANTANGEL	Elegant Angel / 优雅天使	Elegant Angel / 优雅天使	エレガントエンジェル	western_date	active	本地库确认
western	欧美无码	EVILANGEL	Evil Angel / 邪恶天使	Evil Angel / 邪恶天使	イービルエンジェル	western_date	active	Evil Angel · 权威站:missav · 本地库确认
western	欧美无码	FAKETAXI	Fake Taxi / 假出租车	Fake Taxi / 假出租车	フェイクタクシー	western_date	active	Fake Taxi · 本地库确认
western	欧美无码	FAMILYSTROKES	Family Strokes / 家庭爱抚	Family Strokes / 家庭爱抚	ファミリーストロークス	western_date	active	本地库确认
western	欧美无码	JULESJORDAN	Jules Jordan / 朱尔斯	Jules Jordan / 朱尔斯	ジュールス・ジョーダン	western_date	active	Jules Jordan · 本地库确认
western	欧美无码	LEGALPORNO	LegalPorno / 合法色情	LegalPorno / 合法色情	リーガルポルノ	western_date	active	LegalPorno · 本地库确认
western	欧美无码	LETHALHARDCORE	Lethal Hardcore / 致命硬核	Lethal Hardcore / 致命硬核	リーサルハードコア	western_date	active	本地库确认
western	欧美无码	MANYVIDS	ManyVids / 多视频	ManyVids / 多视频	メニーvids	western_date	active	ManyVids · 本地库确认
western	欧美无码	MILFY	MILFY / 熟女	MILFY / 熟女	ミルフィー	western_date	active	Milfy · 本地库确认
western	欧美无码	MOFOS	Mofos / 莫福斯	Mofos / 莫福斯	モーフォス	western_date	active	Mofos · 本地库确认
western	欧美无码	NAUGHTYAMERICA	Naughty America / 顽皮美国	Naughty America / 顽皮美国	ノーティーアメリカ	western_date	active	Naughty America · 权威站:missav · 本地库确认
western	欧美无码	NUBILEFILMS	Nubile Films / 嫩模电影	Nubile Films / 嫩模电影	ヌーバイルフィルムズ	western_date	active	Nubile Films · 本地库确认
western	欧美无码	NUBILES	Nubiles / 嫩模	Nubiles / 嫩模	ヌーバイルズ	western_date	active	Nubiles 系 · 本地库确认
western	欧美无码	ONLYFANS	OnlyFans / 订阅粉丝	OnlyFans / 订阅粉丝	オンリーファンズ	western_date	active	OnlyFans · 权威站:missav · 本地库确认
western	欧美无码	PLAYBOYPLUS	Playboy Plus / 花花公子+	Playboy Plus / 花花公子+	プレイボーイプラス	western_date	active	Playboy Plus · 本地库确认
western	欧美无码	PORNWORLD	PornWorld / 色情世界	PornWorld / 色情世界	ポルノワールド	western_date	active	PornWorld · 本地库确认
western	欧美无码	PRIVATE	Private / 私人	Private / 私人	プライベート	western_date	active	Private · 本地库确认
western	欧美无码	PUBLICAGENT	Public Agent / 公共探员	Public Agent / 公共探员	パブリックエージェント	western_date	active	本地库确认
western	欧美无码	PURETABOO	Pure Taboo / 纯禁忌	Pure Taboo / 纯禁忌	ピュアタブー	western_date	active	Pure Taboo · 本地库确认
western	欧美无码	REALITYKINGS	Reality Kings / 现实国王	Reality Kings / 现实国王	リアリティキングス	western_date	active	全称写法 · 权威站:missav · 本地库确认
western	欧美无码	RK	Reality Kings / 现实国王	Reality Kings / 现实国王	リアリティキングス	western_date	active	缩写常见于文件名 · 本地库确认
western	欧美无码	RKPRIME	RK Prime / 现实国王精选	RK Prime / 现实国王精选	RKプライム	western_date	active	RK Prime · 本地库确认
western	欧美无码	SEXART	SexArt / 性艺术	SexArt / 性艺术	セックスアート	western_date	active	SexArt · 本地库确认
western	欧美无码	SEXMEX	SexMex / 墨西哥性	SexMex / 墨西哥性	セックスメックス	western_date	active	SexMex · 本地库确认
western	欧美无码	TEAMSKEET	TeamSkeet / 队小子	TeamSkeet / 队小子	チームスキート	western_date	active	Team Skeet · 本地库确认
western	欧美无码	TUSHY	Tushy / 塔希	Tushy / 塔希	タッシー	western_date	active	Tushy · 权威站:missav · 本地库确认
western	欧美无码	TUSHYRAW	Tushy Raw / 塔希生	Tushy Raw / 塔希生	タッシーロー	western_date	active	Tushy Raw · 本地库确认
western	欧美无码	VIXEN	Vixen / 狐狸精	Vixen / 狐狸精	ヴィクセン	western_date	active	Vixen · 权威站:missav · 本地库确认
western	欧美无码	WATCH4BEAUTY	Watch4Beauty / 赏美	Watch4Beauty / 赏美	ウォッチフォービューティー	western_date	active	Watch4Beauty · 本地库确认
western	欧美无码	WICKED	Wicked / 邪恶	Wicked / 邪恶	ウィキッド	western_date	active	Wicked · 本地库确认
